resume_id,name,job_role,education,recruiter_decision,predicted_decision,pm_fit_score,candidate_rank,pm_skill_count,experience_score,candidate_category
20,Jennifer Collins,Data Scientist,B.Tech,Hire,Hire,100.0,1.0,1,100.0,High Potential
2,Wesley Roman,Data Scientist,MBA,Hire,Hire,100.0,1.0,1,100.0,High Potential
993,Michael Dodson,Software Engineer,PhD,Hire,Hire,100.0,1.0,1,100.0,High Potential
17,Megan Brown,Data Scientist,PhD,Hire,Hire,100.0,1.0,1,100.0,High Potential
986,Sean Jones,Software Engineer,B.Sc,Hire,Hire,100.0,1.0,1,100.0,High Potential
791,Kimberly Clark,Software Engineer,MBA,Hire,Hire,100.0,1.0,1,100.0,High Potential
485,Laurie Wilson,Software Engineer,MBA,Hire,Hire,100.0,1.0,1,100.0,High Potential
336,Sergio Scott,Software Engineer,B.Sc,Hire,Hire,100.0,1.0,1,100.0,High Potential
288,Rebecca Lewis,Data Scientist,B.Tech,Hire,Hire,100.0,1.0,1,100.0,High Potential
777,Traci Austin,Data Scientist,M.Tech,Hire,Hire,100.0,1.0,1,100.0,High Potential
604,Kimberly Miles,Software Engineer,MBA,Hire,Hire,100.0,1.0,1,100.0,High Potential
430,Karen Wright,Data Scientist,PhD,Hire,Hire,100.0,1.0,1,100.0,High Potential
281,Rachael Hayes,Software Engineer,M.Tech,Hire,Hire,100.0,1.0,1,100.0,High Potential
268,Nathaniel Yoder,Software Engineer,B.Tech,Hire,Hire,100.0,1.0,1,100.0,High Potential
845,Gregory Murray,Data Scientist,B.Tech,Hire,Hire,100.0,1.0,1,100.0,High Potential
546,Marcus Ramirez,Software Engineer,B.Sc,Hire,Hire,100.0,1.0,1,100.0,High Potential
388,Linda Hardy,Software Engineer,M.Tech,Hire,Hire,100.0,1.0,1,100.0,High Potential
867,Timothy Buckley,Data Scientist,MBA,Hire,Hire,100.0,1.0,1,100.0,High Potential
859,Eric Ramirez,Data Scientist,PhD,Hire,Hire,100.0,1.0,1,100.0,High Potential
727,Ryan Mason,Data Scientist,B.Sc,Hire,Hire,100.0,1.0,1,100.0,High Potential
675,Alexandra Williams,Data Scientist,PhD,Hire,Hire,100.0,1.0,1,100.0,High Potential
824,Colleen Bates,Software Engineer,PhD,Hire,Hire,100.0,1.0,1,100.0,High Potential
147,Dawn Brown,Data Scientist,PhD,Hire,Hire,100.0,1.0,1,100.0,High Potential
657,Craig Howard,Data Scientist,PhD,Hire,Hire,100.0,1.0,1,100.0,High Potential
374,Amanda Thomas,Software Engineer,M.Tech,Hire,Hire,100.0,1.0,1,100.0,High Potential
666,Mrs. Monica Thomas MD,Software Engineer,PhD,Hire,Hire,100.0,1.0,1,100.0,High Potential
138,Jean Clark,Data Scientist,M.Tech,Hire,Hire,100.0,1.0,1,100.0,High Potential
65,Steven Bell II,Data Scientist,MBA,Hire,Hire,100.0,1.0,1,100.0,High Potential
194,Nicholas Welch,Data Scientist,PhD,Hire,Hire,100.0,1.0,1,100.0,High Potential
30,Steven Thomas,Data Scientist,B.Tech,Hire,Hire,100.0,1.0,1,100.0,High Potential
601,John White,Software Engineer,B.Tech,Hire,Hire,96.25,2.0,1,90.0,High Potential
517,Joseph Chapman,Software Engineer,MBA,Hire,Hire,96.25,2.0,1,90.0,High Potential
753,Melissa Preston,Software Engineer,PhD,Hire,Hire,96.25,2.0,1,90.0,High Potential
962,Melanie Oliver,Data Scientist,B.Sc,Hire,Hire,96.25,2.0,1,90.0,High Potential
592,Peter Thomas,Data Scientist,M.Tech,Hire,Hire,96.25,2.0,1,90.0,High Potential
520,Elizabeth Mcmillan,Software Engineer,PhD,Hire,Hire,96.25,2.0,1,90.0,High Potential
126,Taylor Cunningham,Data Scientist,B.Sc,Hire,Hire,96.25,2.0,1,90.0,High Potential
353,Morgan Mueller,Data Scientist,PhD,Hire,Hire,96.25,2.0,1,90.0,High Potential
567,Julie Thompson,Software Engineer,MBA,Hire,Hire,96.25,2.0,1,90.0,High Potential
551,Rebecca Kirby,Data Scientist,B.Tech,Hire,Hire,96.25,2.0,1,90.0,High Potential
703,Michael Mercado,Software Engineer,B.Tech,Hire,Hire,96.25,2.0,1,90.0,High Potential
176,Dillon Hoffman,Data Scientist,B.Sc,Hire,Hire,96.25,2.0,1,90.0,High Potential
174,Phillip Shaw,Data Scientist,PhD,Hire,Hire,96.25,2.0,1,90.0,High Potential
921,Jonathan Myers,Software Engineer,B.Sc,Hire,Hire,96.25,2.0,1,90.0,High Potential
169,Shawn Schmidt,Software Engineer,B.Sc,Hire,Hire,96.25,2.0,1,90.0,High Potential
234,Tonya Ellison,Software Engineer,M.Tech,Hire,Hire,96.25,2.0,1,90.0,High Potential
769,Robin Bradford,Data Scientist,MBA,Hire,Hire,96.25,2.0,1,90.0,High Potential
95,Madison Dunn,Software Engineer,B.Tech,Hire,Hire,96.25,2.0,1,90.0,High Potential
884,Kristen West MD,Data Scientist,PhD,Hire,Hire,96.25,2.0,1,90.0,High Potential
881,Desiree White,Software Engineer,B.Tech,Hire,Hire,96.25,2.0,1,90.0,High Potential
54,William Hill,Data Scientist,B.Sc,Hire,Hire,96.25,2.0,1,90.0,High Potential
823,Patrick Hayes,Data Scientist,B.Sc,Hire,Hire,96.25,2.0,1,90.0,High Potential
874,Matthew Ward,Data Scientist,B.Tech,Hire,Hire,96.25,2.0,1,90.0,High Potential
474,Mary Taylor,Data Scientist,B.Tech,Hire,Hire,96.25,2.0,1,90.0,High Potential
979,Hunter Higgins,Data Scientist,B.Sc,Hire,Hire,96.25,2.0,1,90.0,High Potential
64,Joanna Foster,Software Engineer,M.Tech,Hire,Hire,96.25,2.0,1,90.0,High Potential
539,Jessica Doyle,Software Engineer,M.Tech,Hire,Hire,96.25,2.0,1,90.0,High Potential
970,Mark Hughes,Data Scientist,PhD,Hire,Hire,96.25,2.0,1,90.0,High Potential
587,Gary Glenn,Data Scientist,MBA,Hire,Hire,96.25,2.0,1,90.0,High Potential
661,Brenda Hall,Software Engineer,M.Tech,Hire,Hire,92.5,3.0,1,80.0,High Potential
846,Megan Stephenson,Software Engineer,B.Sc,Hire,Hire,92.5,3.0,1,80.0,High Potential
269,Paul Lozano,Data Scientist,M.Tech,Hire,Hire,92.5,3.0,1,80.0,High Potential
243,Katherine Chase,Software Engineer,B.Tech,Hire,Hire,92.5,3.0,1,80.0,High Potential
770,Danielle York,Data Scientist,MBA,Hire,Hire,92.5,3.0,1,80.0,High Potential
702,Stacey Bradford,Software Engineer,B.Sc,Hire,Hire,92.5,3.0,1,80.0,High Potential
178,Terry Kaufman,Data Scientist,B.Sc,Hire,Hire,92.5,3.0,1,80.0,High Potential
836,Larry Moreno,Software Engineer,PhD,Hire,Hire,92.5,3.0,1,80.0,High Potential
62,Laura Howell,Data Scientist,B.Sc,Hire,Hire,92.5,3.0,1,80.0,High Potential
379,Zachary Lynch,Data Scientist,B.Sc,Hire,Hire,92.5,3.0,1,80.0,High Potential
966,Elizabeth Stevenson,Data Scientist,M.Tech,Hire,Hire,92.5,3.0,1,80.0,High Potential
455,Michael George,Software Engineer,B.Tech,Hire,Hire,92.5,3.0,1,80.0,High Potential
618,Heather Brown,Software Engineer,M.Tech,Hire,Hire,92.5,3.0,1,80.0,High Potential
342,Shannon Page,Data Scientist,MBA,Hire,Hire,92.5,3.0,1,80.0,High Potential
577,Clarence Hernandez,Software Engineer,B.Sc,Hire,Hire,92.5,3.0,1,80.0,High Potential
499,Jill Combs,Software Engineer,M.Tech,Hire,Hire,92.5,3.0,1,80.0,High Potential
807,Lori Oliver,Data Scientist,B.Tech,Hire,Hire,92.5,3.0,1,80.0,High Potential
478,Beth Harper,Data Scientist,MBA,Hire,Hire,92.5,3.0,1,80.0,High Potential
498,Matthew Reynolds,Software Engineer,M.Tech,Hire,Hire,92.5,3.0,1,80.0,High Potential
33,Elizabeth Serrano,Data Scientist,M.Tech,Hire,Hire,92.5,3.0,1,80.0,High Potential
972,Jennifer Morris,Software Engineer,B.Sc,Hire,Hire,92.5,3.0,1,80.0,High Potential
537,Carlos Ochoa,Software Engineer,B.Tech,Hire,Hire,92.5,3.0,1,80.0,High Potential
872,Karina Stone,Software Engineer,PhD,Hire,Hire,92.5,3.0,1,80.0,High Potential
803,Maria Bell,Data Scientist,MBA,Hire,Hire,92.5,3.0,1,80.0,High Potential
67,Brittney Mccormick,Software Engineer,B.Sc,Hire,Hire,92.5,3.0,1,80.0,High Potential
717,Marissa Cook,Software Engineer,PhD,Hire,Hire,92.5,3.0,1,80.0,High Potential
224,Jon Poole,Software Engineer,M.Tech,Hire,Hire,92.5,3.0,1,80.0,High Potential
680,Joseph Jackson,Data Scientist,B.Sc,Hire,Hire,92.5,3.0,1,80.0,High Potential
828,Tiffany Cox,Software Engineer,M.Tech,Hire,Hire,92.5,3.0,1,80.0,High Potential
503,Eric Pena,Data Scientist,B.Tech,Hire,Hire,88.75,4.0,1,70.0,High Potential
255,Sara Collins,Software Engineer,MBA,Hire,Hire,88.75,4.0,1,70.0,High Potential
338,Stacie Pitts,Software Engineer,MBA,Hire,Hire,88.75,4.0,1,70.0,High Potential
800,James Allen,Data Scientist,B.Tech,Hire,Hire,88.75,4.0,1,70.0,High Potential
1000,Chad Collins,Data Scientist,M.Tech,Hire,Hire,88.75,4.0,1,70.0,High Potential
329,William Casey,Software Engineer,B.Tech,Hire,Hire,88.75,4.0,1,70.0,High Potential
154,Victoria Kennedy,Data Scientist,B.Tech,Hire,Hire,88.75,4.0,1,70.0,High Potential
554,Barbara Turner,Software Engineer,M.Tech,Hire,Hire,88.75,4.0,1,70.0,High Potential
185,Justin Myers Jr.,Software Engineer,M.Tech,Hire,Hire,88.75,4.0,1,70.0,High Potential
153,Dale Williams,Data Scientist,PhD,Hire,Hire,88.75,4.0,1,70.0,High Potential
217,Tammy Phillips,Data Scientist,B.Sc,Hire,Hire,88.75,4.0,1,70.0,High Potential
955,Megan Meadows,Data Scientist,B.Sc,Hire,Hire,88.75,4.0,1,70.0,High Potential
331,James Murphy,Software Engineer,M.Tech,Hire,Hire,88.75,4.0,1,70.0,High Potential
959,Jesus Johnson,Software Engineer,B.Sc,Hire,Hire,88.75,4.0,1,70.0,High Potential
614,Caroline Ford,Software Engineer,B.Sc,Hire,Hire,88.75,4.0,1,70.0,High Potential
794,Jennifer Hess,Data Scientist,M.Tech,Hire,Hire,88.75,4.0,1,70.0,High Potential
443,Jason Cummings,Data Scientist,MBA,Hire,Hire,88.75,4.0,1,70.0,High Potential
978,Sherry White,Software Engineer,M.Tech,Hire,Hire,88.75,4.0,1,70.0,High Potential
548,Rhonda Mendoza,Data Scientist,M.Tech,Hire,Hire,88.75,4.0,1,70.0,High Potential
855,Michelle Baker,Software Engineer,M.Tech,Hire,Hire,88.75,4.0,1,70.0,High Potential
236,Elizabeth Graham,Software Engineer,B.Tech,Hire,Hire,88.75,4.0,1,70.0,High Potential
424,Cristian Hernandez,Software Engineer,B.Tech,Hire,Hire,88.75,4.0,1,70.0,High Potential
928,Bianca Montoya,Software Engineer,B.Sc,Hire,Hire,88.75,4.0,1,70.0,High Potential
525,Christina Hester,Software Engineer,B.Sc,Hire,Hire,88.75,4.0,1,70.0,High Potential
890,Mrs. Heather Williams MD,Data Scientist,M.Tech,Hire,Hire,88.75,4.0,1,70.0,High Potential
436,Maria Manning,Data Scientist,M.Tech,Hire,Hire,88.75,4.0,1,70.0,High Potential
916,Marcus Edwards,Data Scientist,PhD,Hire,Hire,88.75,4.0,1,70.0,High Potential
433,Michael Randall,Software Engineer,M.Tech,Hire,Hire,88.75,4.0,1,70.0,High Potential
416,Kathryn Carter,Software Engineer,PhD,Hire,Hire,88.75,4.0,1,70.0,High Potential
106,Natasha Orr,Data Scientist,B.Tech,Hire,Hire,88.75,4.0,1,70.0,High Potential
783,Miss Katherine Olson DDS,Software Engineer,M.Tech,Hire,Hire,88.75,4.0,1,70.0,High Potential
903,Lisa White,Data Scientist,PhD,Hire,Hire,85.0,5.0,1,60.0,High Potential
494,Paula Fletcher,Data Scientist,B.Tech,Hire,Hire,85.0,5.0,1,60.0,High Potential
778,Megan Juarez,Software Engineer,B.Sc,Hire,Hire,85.0,5.0,1,60.0,High Potential
100,Sandra Perkins,Software Engineer,B.Sc,Hire,Hire,85.0,5.0,1,60.0,High Potential
293,Katelyn Hopkins,Data Scientist,B.Tech,Hire,Hire,85.0,5.0,1,60.0,High Potential
299,Scott Coleman,Data Scientist,B.Tech,Hire,Hire,85.0,5.0,1,60.0,High Potential
856,Felicia Gonzalez,Data Scientist,M.Tech,Hire,Hire,85.0,5.0,1,60.0,High Potential
620,Mr. Bryan Hernandez,Data Scientist,MBA,Hire,Hire,85.0,5.0,1,60.0,High Potential
440,William Barnes,Software Engineer,MBA,Hire,Hire,85.0,5.0,1,60.0,High Potential
825,Christopher Fisher,Software Engineer,B.Tech,Hire,Hire,85.0,5.0,1,60.0,High Potential
687,Sarah Adams,Software Engineer,B.Sc,Hire,Hire,85.0,5.0,1,60.0,High Potential
679,Cheryl Cruz,Software Engineer,M.Tech,Hire,Hire,85.0,5.0,1,60.0,High Potential
712,Meagan Spencer,Software Engineer,PhD,Hire,Hire,85.0,5.0,1,60.0,High Potential
152,Jacqueline Lee,Software Engineer,PhD,Hire,Hire,85.0,5.0,1,60.0,High Potential
869,Peter Wilson,Software Engineer,M.Tech,Hire,Hire,85.0,5.0,1,60.0,High Potential
740,Amanda Shea,Data Scientist,PhD,Hire,Hire,85.0,5.0,1,60.0,High Potential
175,Lisa Jones,Data Scientist,MBA,Hire,Hire,85.0,5.0,1,60.0,High Potential
764,Thomas Moore,Data Scientist,B.Tech,Hire,Hire,85.0,5.0,1,60.0,High Potential
656,Sandra Brown,Software Engineer,PhD,Hire,Hire,85.0,5.0,1,60.0,High Potential
394,Victor Braun,Data Scientist,PhD,Hire,Hire,85.0,5.0,1,60.0,High Potential
762,Shane Thomas,Data Scientist,M.Tech,Hire,Hire,85.0,5.0,1,60.0,High Potential
359,Debra Franco,Data Scientist,M.Tech,Hire,Hire,85.0,5.0,1,60.0,High Potential
793,Tom Bennett,Data Scientist,MBA,Hire,Hire,85.0,5.0,1,60.0,High Potential
813,James Williams,Data Scientist,M.Tech,Hire,Hire,85.0,5.0,1,60.0,High Potential
80,Wesley Rodriguez,Data Scientist,B.Sc,Hire,Hire,85.0,5.0,1,60.0,High Potential
953,Mary Thomas,Data Scientist,B.Sc,Hire,Hire,85.0,5.0,1,60.0,High Potential
87,Heather Bauer,Data Scientist,M.Tech,Hire,Hire,85.0,5.0,1,60.0,High Potential
309,Stephen Lopez,Data Scientist,B.Tech,Hire,Hire,85.0,5.0,1,60.0,High Potential
312,Benjamin Rivera,Data Scientist,B.Sc,Hire,Hire,85.0,5.0,1,60.0,High Potential
305,Tina Howard,Data Scientist,B.Sc,Hire,Hire,85.0,5.0,1,60.0,High Potential
495,Dawn Price,Software Engineer,B.Tech,Hire,Hire,85.0,5.0,1,60.0,High Potential
449,Tracy Dalton,Software Engineer,B.Tech,Hire,Hire,85.0,5.0,1,60.0,High Potential
832,Christina Sosa,Software Engineer,B.Tech,Hire,Hire,85.0,5.0,1,60.0,High Potential
529,Kyle Johnson,Data Scientist,M.Tech,Hire,Hire,85.0,5.0,1,60.0,High Potential
974,Christopher Fernandez,Software Engineer,MBA,Hire,Hire,85.0,5.0,1,60.0,High Potential
983,Kristin Ferguson,Software Engineer,MBA,Hire,Hire,85.0,5.0,1,60.0,High Potential
809,Mary Hodge,Data Scientist,B.Tech,Hire,Hire,85.0,5.0,1,60.0,High Potential
968,Adriana Johnson,Data Scientist,B.Sc,Hire,Hire,85.0,5.0,1,60.0,High Potential
38,Jason Flores,Software Engineer,B.Tech,Hire,Hire,81.25,6.0,1,50.0,High Potential
46,Ryan Peters,Software Engineer,B.Sc,Hire,Hire,81.25,6.0,1,50.0,High Potential
186,Anthony Benson,Software Engineer,MBA,Hire,Hire,81.25,6.0,1,50.0,High Potential
926,Colleen Conner,Software Engineer,PhD,Hire,Hire,81.25,6.0,1,50.0,High Potential
534,Peter Mcmahon,Data Scientist,MBA,Hire,Hire,81.25,6.0,1,50.0,High Potential
533,Sierra Edwards,Software Engineer,M.Tech,Hire,Hire,81.25,6.0,1,50.0,High Potential
531,Crystal Parker,Data Scientist,M.Tech,Hire,Hire,81.25,6.0,1,50.0,High Potential
875,Wayne Hudson,Software Engineer,B.Sc,Hire,Hire,81.25,6.0,1,50.0,High Potential
184,Caitlin Turner,Data Scientist,PhD,Hire,Hire,81.25,6.0,1,50.0,High Potential
857,Karen Castillo,Data Scientist,MBA,Hire,Hire,81.25,6.0,1,50.0,High Potential
927,John Walker,Data Scientist,B.Sc,Hire,Hire,81.25,6.0,1,50.0,High Potential
552,Kirsten Smith,Software Engineer,B.Sc,Hire,Hire,81.25,6.0,1,50.0,High Potential
733,Vicki Murphy,Data Scientist,PhD,Hire,Hire,81.25,6.0,1,50.0,High Potential
162,Patricia Scott,Data Scientist,M.Tech,Hire,Hire,81.25,6.0,1,50.0,High Potential
744,Steve Smith,Data Scientist,M.Tech,Hire,Hire,81.25,6.0,1,50.0,High Potential
678,Annette Greene,Software Engineer,M.Tech,Hire,Hire,81.25,6.0,1,50.0,High Potential
640,Mr. Rick Gonzalez,Data Scientist,B.Sc,Hire,Hire,81.25,6.0,1,50.0,High Potential
608,Raymond Roach,Software Engineer,M.Tech,Hire,Hire,81.25,6.0,1,50.0,High Potential
89,Jose Mclaughlin,Software Engineer,PhD,Hire,Hire,81.25,6.0,1,50.0,High Potential
105,Miguel Dunn,Software Engineer,B.Tech,Hire,Hire,81.25,6.0,1,50.0,High Potential
321,Jerome Sampson,Data Scientist,MBA,Hire,Hire,81.25,6.0,1,50.0,High Potential
112,Richard Jones MD,Data Scientist,B.Tech,Hire,Hire,81.25,6.0,1,50.0,High Potential
120,Joseph Carroll,Software Engineer,MBA,Hire,Hire,81.25,6.0,1,50.0,High Potential
566,Kaitlin Roman,Data Scientist,B.Sc,Hire,Hire,81.25,6.0,1,50.0,High Potential
541,Michael Santos,Software Engineer,M.Tech,Hire,Hire,81.25,6.0,1,50.0,High Potential
127,Sophia Bradley,Data Scientist,M.Tech,Hire,Hire,81.25,6.0,1,50.0,High Potential
411,Jeffrey Cannon,Data Scientist,MBA,Hire,Hire,81.25,6.0,1,50.0,High Potential
418,James Bell,Data Scientist,B.Tech,Hire,Hire,81.25,6.0,1,50.0,High Potential
143,Thomas Davis,Data Scientist,B.Tech,Hire,Hire,81.25,6.0,1,50.0,High Potential
768,Ashley Peck,Software Engineer,B.Sc,Hire,Hire,81.25,6.0,1,50.0,High Potential
242,Mario Savage,Data Scientist,B.Tech,Hire,Hire,81.25,6.0,1,50.0,High Potential
248,Ashley Moore,Data Scientist,B.Sc,Hire,Hire,81.25,6.0,1,50.0,High Potential
611,Kelly Scott,Software Engineer,MBA,Hire,Hire,81.25,6.0,1,50.0,High Potential
918,Michael Jimenez,Data Scientist,B.Tech,Hire,Hire,81.25,6.0,1,50.0,High Potential
603,Clifford Andrews,Software Engineer,B.Sc,Hire,Hire,81.25,6.0,1,50.0,High Potential
21,Nichole Welch,Software Engineer,B.Sc,Hire,Hire,81.25,6.0,1,50.0,High Potential
453,Michael Krueger,Software Engineer,MBA,Hire,Hire,81.25,6.0,1,50.0,High Potential
74,Donald Duffy,Software Engineer,MBA,Hire,Hire,81.25,6.0,1,50.0,High Potential
302,Denise Collins,Software Engineer,PhD,Hire,Hire,81.25,6.0,1,50.0,High Potential
314,Ronald Luna,Software Engineer,M.Tech,Hire,Hire,81.25,6.0,1,50.0,High Potential
991,Jennifer Martinez,Software Engineer,M.Tech,Hire,Hire,81.25,6.0,1,50.0,High Potential
626,Erin Davis,Data Scientist,MBA,Hire,Hire,77.5,7.0,1,40.0,High Potential
445,Debbie Duffy,Software Engineer,PhD,Hire,Hire,77.5,7.0,1,40.0,High Potential
249,Caitlin Shaw,Software Engineer,MBA,Hire,Hire,77.5,7.0,1,40.0,High Potential
365,Breanna Moore,Software Engineer,M.Tech,Hire,Hire,77.5,7.0,1,40.0,High Potential
752,Jacob Brown,Data Scientist,B.Tech,Hire,Hire,77.5,7.0,1,40.0,High Potential
139,Tyler Henderson,Data Scientist,M.Tech,Hire,Hire,77.5,7.0,1,40.0,High Potential
278,Dwayne Taylor,Software Engineer,B.Tech,Hire,Hire,77.5,7.0,1,40.0,High Potential
721,Jessica Woods,Data Scientist,PhD,Hire,Hire,77.5,7.0,1,40.0,High Potential
876,Brandi Hernandez,Data Scientist,B.Tech,Hire,Hire,77.5,7.0,1,40.0,High Potential
536,Heather Watson,Software Engineer,PhD,Hire,Hire,77.5,7.0,1,40.0,High Potential
31,Abigail Watts,Data Scientist,PhD,Hire,Hire,77.5,7.0,1,40.0,High Potential
47,Terry Burns,Software Engineer,MBA,Hire,Hire,77.5,7.0,1,40.0,High Potential
719,Jason Elliott,Data Scientist,MBA,Hire,Hire,77.5,7.0,1,40.0,High Potential
677,David Bradley,Data Scientist,B.Sc,Reject,Hire,77.5,7.0,1,40.0,High Potential
358,Mr. Juan Barron DDS,Software Engineer,MBA,Hire,Hire,77.5,7.0,1,40.0,High Potential
45,Tanya West,Data Scientist,M.Tech,Hire,Hire,77.5,7.0,1,40.0,High Potential
819,Misty Bailey,Data Scientist,B.Sc,Hire,Hire,77.5,7.0,1,40.0,High Potential
799,Elizabeth Smith,Software Engineer,B.Tech,Hire,Hire,77.5,7.0,1,40.0,High Potential
805,Dylan Bailey,Software Engineer,MBA,Hire,Hire,77.5,7.0,1,40.0,High Potential
109,Michael Jones,Data Scientist,B.Tech,Hire,Hire,77.5,7.0,1,40.0,High Potential
294,Jeremy Shaw,Software Engineer,B.Sc,Hire,Hire,77.5,7.0,1,40.0,High Potential
119,Sandra Freeman,Software Engineer,MBA,Hire,Hire,77.5,7.0,1,40.0,High Potential
775,Amy White,Data Scientist,B.Sc,Hire,Hire,77.5,7.0,1,40.0,High Potential
76,Carolyn James,Software Engineer,B.Tech,Hire,Hire,77.5,7.0,1,40.0,High Potential
307,Jessica Campbell,Data Scientist,B.Sc,Hire,Hire,77.5,7.0,1,40.0,High Potential
946,Kyle Orozco,Software Engineer,PhD,Hire,Hire,77.5,7.0,1,40.0,High Potential
444,Daniel Cline,Software Engineer,B.Tech,Hire,Hire,77.5,7.0,1,40.0,High Potential
14,Caitlin Myers,Software Engineer,B.Sc,Hire,Hire,77.5,7.0,1,40.0,High Potential
23,William Clark,Data Scientist,MBA,Hire,Hire,77.5,7.0,1,40.0,High Potential
817,Andrea Stone,Software Engineer,PhD,Hire,Hire,77.5,7.0,1,40.0,High Potential
5,Julie Hill,Software Engineer,PhD,Hire,Hire,77.5,7.0,1,40.0,High Potential
944,Michael Wilson,Software Engineer,PhD,Hire,Hire,73.75,8.0,1,30.0,Medium Potential
914,Laura Vasquez,Data Scientist,B.Tech,Reject,Hire,73.75,8.0,1,30.0,Medium Potential
960,Evan Rodriguez,Data Scientist,M.Tech,Hire,Hire,73.75,8.0,1,30.0,Medium Potential
325,Heather Mcdonald,Software Engineer,PhD,Hire,Hire,73.75,8.0,1,30.0,Medium Potential
871,Kenneth Lee,Data Scientist,PhD,Hire,Hire,73.75,8.0,1,30.0,Medium Potential
543,Harold Acevedo,Software Engineer,B.Tech,Hire,Hire,73.75,8.0,1,30.0,Medium Potential
438,George Clark,Data Scientist,PhD,Hire,Hire,73.75,8.0,1,30.0,Medium Potential
895,Timothy Thomas,Software Engineer,M.Tech,Hire,Hire,73.75,8.0,1,30.0,Medium Potential
796,Stephen Mills,Software Engineer,PhD,Hire,Hire,73.75,8.0,1,30.0,Medium Potential
172,Lisa Lawson,Data Scientist,B.Sc,Hire,Hire,73.75,8.0,1,30.0,Medium Potential
173,Brenda Crawford,Software Engineer,B.Tech,Hire,Hire,73.75,8.0,1,30.0,Medium Potential
707,Bobby Palmer,Software Engineer,MBA,Hire,Hire,73.75,8.0,1,30.0,Medium Potential
593,Kathryn Santos,Data Scientist,PhD,Hire,Hire,73.75,8.0,1,30.0,Medium Potential
434,Kathryn Shea,Software Engineer,PhD,Hire,Hire,73.75,8.0,1,30.0,Medium Potential
629,Jeffrey Johnson,Data Scientist,B.Tech,Hire,Hire,73.75,8.0,1,30.0,Medium Potential
113,Sydney Nelson,Data Scientist,MBA,Hire,Hire,73.75,8.0,1,30.0,Medium Potential
141,Ronald Thomas,Data Scientist,B.Sc,Hire,Hire,73.75,8.0,1,30.0,Medium Potential
425,David Smith,Software Engineer,B.Tech,Hire,Hire,73.75,8.0,1,30.0,Medium Potential
396,Elizabeth Hernandez,Software Engineer,B.Tech,Reject,Hire,73.75,8.0,1,30.0,Medium Potential
887,Steven Gonzalez,Data Scientist,PhD,Hire,Hire,73.75,8.0,1,30.0,Medium Potential
348,Jamie Arnold,Software Engineer,B.Sc,Hire,Hire,73.75,8.0,1,30.0,Medium Potential
363,Stephanie Edwards,Software Engineer,B.Sc,Hire,Hire,73.75,8.0,1,30.0,Medium Potential
935,Maria Green,Data Scientist,PhD,Reject,Hire,73.75,8.0,1,30.0,Medium Potential
843,Jasmine Duffy,Data Scientist,MBA,Hire,Hire,73.75,8.0,1,30.0,Medium Potential
961,Phillip Morris,Data Scientist,B.Tech,Hire,Hire,73.75,8.0,1,30.0,Medium Potential
956,Michael Johnson,Data Scientist,B.Sc,Hire,Hire,73.75,8.0,1,30.0,Medium Potential
612,Melissa Griffin,Software Engineer,PhD,Hire,Hire,73.75,8.0,1,30.0,Medium Potential
490,Deborah Ramirez,Data Scientist,PhD,Hire,Hire,73.75,8.0,1,30.0,Medium Potential
397,Leah Cain,Data Scientist,M.Tech,Reject,Hire,73.75,8.0,1,30.0,Medium Potential
189,Evelyn Porter,Data Scientist,M.Tech,Hire,Hire,73.75,8.0,1,30.0,Medium Potential
57,Rachel Wheeler,Software Engineer,B.Sc,Hire,Hire,73.75,8.0,1,30.0,Medium Potential
500,Kyle Cole,Software Engineer,B.Tech,Reject,Hire,73.75,8.0,1,30.0,Medium Potential
728,Jennifer Morgan MD,Data Scientist,PhD,Reject,Hire,73.75,8.0,1,30.0,Medium Potential
161,Michael Le,Data Scientist,PhD,Hire,Hire,73.75,8.0,1,30.0,Medium Potential
372,Donald Lawson,Software Engineer,B.Sc,Reject,Hire,73.75,8.0,1,30.0,Medium Potential
864,Dennis Gamble,Data Scientist,B.Sc,Hire,Hire,73.75,8.0,1,30.0,Medium Potential
981,Juan Le,Data Scientist,B.Tech,Hire,Hire,73.75,8.0,1,30.0,Medium Potential
834,Omar Hill,Data Scientist,MBA,Hire,Hire,73.75,8.0,1,30.0,Medium Potential
939,William Johnston,Software Engineer,M.Tech,Reject,Hire,73.75,8.0,1,30.0,Medium Potential
19,Jonathon Pineda,Data Scientist,MBA,Hire,Hire,73.75,8.0,1,30.0,Medium Potential
579,Christopher Mcconnell,Software Engineer,M.Tech,Hire,Hire,73.75,8.0,1,30.0,Medium Potential
310,Megan Cox,Software Engineer,B.Tech,Hire,Hire,73.75,8.0,1,30.0,Medium Potential
454,Jordan Cook,Software Engineer,B.Sc,Hire,Hire,73.75,8.0,1,30.0,Medium Potential
811,Lisa Martin,Data Scientist,B.Sc,Hire,Hire,73.75,8.0,1,30.0,Medium Potential
725,Alan Moran,Software Engineer,M.Tech,Reject,Hire,70.0,9.0,1,20.0,Medium Potential
708,Melissa Deleon,Data Scientist,PhD,Hire,Hire,70.0,9.0,1,20.0,Medium Potential
670,Sara Brewer,Data Scientist,PhD,Reject,Hire,70.0,9.0,1,20.0,Medium Potential
254,Juan Velez,Data Scientist,B.Tech,Reject,Hire,70.0,9.0,1,20.0,Medium Potential
213,Wyatt Anderson,Software Engineer,MBA,Reject,Hire,70.0,9.0,1,20.0,Medium Potential
812,Brittany Knight,Data Scientist,B.Sc,Reject,Hire,70.0,9.0,1,20.0,Medium Potential
475,Morgan Bennett,Data Scientist,MBA,Hire,Hire,70.0,9.0,1,20.0,Medium Potential
469,Renee West,Software Engineer,MBA,Hire,Hire,70.0,9.0,1,20.0,Medium Potential
879,Rachel Johnson,Data Scientist,PhD,Reject,Hire,70.0,9.0,1,20.0,Medium Potential
948,Jeffery Hicks,Data Scientist,B.Tech,Hire,Hire,70.0,9.0,1,20.0,Medium Potential
943,Leslie Conway,Data Scientist,PhD,Hire,Hire,70.0,9.0,1,20.0,Medium Potential
166,Christopher Fletcher,Data Scientist,PhD,Reject,Hire,70.0,9.0,1,20.0,Medium Potential
519,Karen Weiss,Software Engineer,B.Sc,Reject,Hire,70.0,9.0,1,20.0,Medium Potential
296,Jacqueline Frederick,Data Scientist,B.Sc,Hire,Hire,70.0,9.0,1,20.0,Medium Potential
591,David Marks,Software Engineer,MBA,Reject,Hire,70.0,9.0,1,20.0,Medium Potential
289,Jonathan Andrews,Data Scientist,M.Tech,Hire,Hire,70.0,9.0,1,20.0,Medium Potential
287,Emily Sanchez,Software Engineer,MBA,Reject,Hire,70.0,9.0,1,20.0,Medium Potential
419,Valerie Clark,Data Scientist,MBA,Hire,Hire,70.0,9.0,1,20.0,Medium Potential
899,Margaret Price,Software Engineer,MBA,Hire,Hire,70.0,9.0,1,20.0,Medium Potential
897,Amber Crosby,Software Engineer,M.Tech,Hire,Hire,70.0,9.0,1,20.0,Medium Potential
848,Nicole Martinez,Data Scientist,PhD,Hire,Hire,70.0,9.0,1,20.0,Medium Potential
850,Lori Lopez DDS,Data Scientist,B.Tech,Reject,Hire,70.0,9.0,1,20.0,Medium Potential
246,Christine Reyes,Data Scientist,B.Sc,Hire,Hire,70.0,9.0,1,20.0,Medium Potential
763,Mr. Johnathan Garcia,Software Engineer,B.Tech,Reject,Hire,70.0,9.0,1,20.0,Medium Potential
380,Mr. Keith Smith,Data Scientist,B.Tech,Hire,Hire,70.0,9.0,1,20.0,Medium Potential
570,Gabriel Torres,Software Engineer,M.Tech,Reject,Hire,70.0,9.0,1,20.0,Medium Potential
840,Rebecca Walker,Data Scientist,MBA,Hire,Hire,70.0,9.0,1,20.0,Medium Potential
700,Ricky Alvarez,Software Engineer,M.Tech,Hire,Hire,70.0,9.0,1,20.0,Medium Potential
936,Eddie May,Data Scientist,MBA,Hire,Hire,70.0,9.0,1,20.0,Medium Potential
493,Brian Dodson,Data Scientist,PhD,Hire,Hire,70.0,9.0,1,20.0,Medium Potential
11,Laura French,Software Engineer,PhD,Hire,Hire,66.25,10.0,1,10.0,Medium Potential
40,Kim Blake,Data Scientist,MBA,Hire,Hire,66.25,10.0,1,10.0,Medium Potential
306,Nathaniel Terry,Software Engineer,MBA,Hire,Hire,66.25,10.0,1,10.0,Medium Potential
308,Andrew Shaw,Data Scientist,MBA,Hire,Hire,66.25,10.0,1,10.0,Medium Potential
313,Laura Stewart,Data Scientist,PhD,Reject,Hire,66.25,10.0,1,10.0,Medium Potential
345,Whitney Thompson,Data Scientist,M.Tech,Hire,Hire,66.25,10.0,1,10.0,Medium Potential
332,Brett Mills,Data Scientist,B.Tech,Hire,Hire,66.25,10.0,1,10.0,Medium Potential
580,John Wilson,Data Scientist,B.Tech,Reject,Hire,66.25,10.0,1,10.0,Medium Potential
240,Sheila Gonzalez,Data Scientist,M.Tech,Reject,Hire,66.25,10.0,1,10.0,Medium Potential
555,Frank Hale,Data Scientist,B.Sc,Reject,Hire,66.25,10.0,1,10.0,Medium Potential
556,James Brooks Jr.,Software Engineer,PhD,Reject,Hire,66.25,10.0,1,10.0,Medium Potential
390,Miguel Robbins,Data Scientist,PhD,Reject,Hire,66.25,10.0,1,10.0,Medium Potential
849,Tonya Sanchez,Software Engineer,M.Tech,Reject,Hire,66.25,10.0,1,10.0,Medium Potential
924,Kerry Sanders,Data Scientist,PhD,Hire,Hire,66.25,10.0,1,10.0,Medium Potential
417,Amanda Burke,Data Scientist,MBA,Reject,Hire,66.25,10.0,1,10.0,Medium Potential
505,Jon Moore,Software Engineer,M.Tech,Reject,Hire,66.25,10.0,1,10.0,Medium Potential
406,Jon Craig,Software Engineer,B.Sc,Hire,Hire,66.25,10.0,1,10.0,Medium Potential
760,Janice Mann,Data Scientist,MBA,Reject,Hire,66.25,10.0,1,10.0,Medium Potential
515,John Braun,Software Engineer,B.Sc,Hire,Hire,66.25,10.0,1,10.0,Medium Potential
134,Brad Stephens,Software Engineer,PhD,Reject,Hire,66.25,10.0,1,10.0,Medium Potential
773,Trevor Sampson,Data Scientist,PhD,Reject,Hire,66.25,10.0,1,10.0,Medium Potential
124,Haley Gonzalez,Software Engineer,PhD,Hire,Hire,66.25,10.0,1,10.0,Medium Potential
750,Christopher Smith,Software Engineer,M.Tech,Reject,Hire,66.25,10.0,1,10.0,Medium Potential
182,Stephen Nichols,Data Scientist,PhD,Hire,Hire,66.25,10.0,1,10.0,Medium Potential
190,Scott Salinas,Software Engineer,PhD,Hire,Hire,66.25,10.0,1,10.0,Medium Potential
527,Mary Abbott,Software Engineer,PhD,Reject,Hire,66.25,10.0,1,10.0,Medium Potential
214,Peter Patterson,Software Engineer,B.Tech,Hire,Hire,66.25,10.0,1,10.0,Medium Potential
198,Audrey Haynes,Software Engineer,PhD,Hire,Hire,66.25,10.0,1,10.0,Medium Potential
929,Melinda Lambert,Software Engineer,M.Tech,Reject,Hire,66.25,10.0,1,10.0,Medium Potential
653,Mr. Kevin Guzman,Software Engineer,M.Tech,Reject,Hire,66.25,10.0,1,10.0,Medium Potential
933,Peter Brown,Software Engineer,M.Tech,Hire,Hire,66.25,10.0,1,10.0,Medium Potential
804,Jason West,Software Engineer,B.Tech,Hire,Hire,66.25,10.0,1,10.0,Medium Potential
472,Claire Harris,Data Scientist,PhD,Reject,Hire,66.25,10.0,1,10.0,Medium Potential
987,Carolyn Little,Data Scientist,MBA,Hire,Hire,66.25,10.0,1,10.0,Medium Potential
480,Daniel Montgomery,Data Scientist,B.Sc,Reject,Hire,66.25,10.0,1,10.0,Medium Potential
477,Carrie Wright,Data Scientist,B.Tech,Reject,Hire,66.25,10.0,1,10.0,Medium Potential
70,Jonathan Fowler,Data Scientist,B.Tech,Reject,Hire,66.25,10.0,1,10.0,Medium Potential
792,Kendra Delacruz,Data Scientist,PhD,Hire,Hire,66.25,10.0,1,10.0,Medium Potential
49,David Nash,Software Engineer,MBA,Hire,Hire,66.25,10.0,1,10.0,Medium Potential
53,James Bailey,Data Scientist,MBA,Reject,Hire,66.25,10.0,1,10.0,Medium Potential
489,Lindsay Christian,Software Engineer,M.Tech,Hire,Hire,66.25,10.0,1,10.0,Medium Potential
271,Amy Poole,Data Scientist,PhD,Reject,Reject,62.5,11.0,1,0.0,Medium Potential
636,Mr. Jacob Simmons,Software Engineer,B.Tech,Reject,Reject,62.5,11.0,1,0.0,Medium Potential
627,Mitchell Foster,Software Engineer,B.Tech,Reject,Reject,62.5,11.0,1,0.0,Medium Potential
663,Gregory Alvarez,Data Scientist,PhD,Reject,Reject,62.5,11.0,1,0.0,Medium Potential
352,Tanya Lloyd,Software Engineer,M.Tech,Reject,Reject,62.5,11.0,1,0.0,Medium Potential
647,Crystal Ford,Software Engineer,B.Sc,Reject,Reject,62.5,11.0,1,0.0,Medium Potential
894,Nicole Cox,Software Engineer,MBA,Reject,Reject,62.5,11.0,1,0.0,Medium Potential
985,Nicholas Wheeler,Data Scientist,PhD,Reject,Reject,62.5,11.0,1,0.0,Medium Potential
320,Scott Richardson,Software Engineer,B.Tech,Hire,Reject,62.5,11.0,1,0.0,Medium Potential
259,Bryan Wright,Data Scientist,B.Tech,Reject,Reject,62.5,11.0,1,0.0,Medium Potential
481,Andrew Moore,Data Scientist,MBA,Reject,Reject,62.5,11.0,1,0.0,Medium Potential
55,James Jones,Data Scientist,B.Tech,Reject,Reject,62.5,11.0,1,0.0,Medium Potential
971,Chloe Blake,Software Engineer,MBA,Reject,Reject,62.5,11.0,1,0.0,Medium Potential
524,Glenn Kelley,Data Scientist,B.Sc,Reject,Reject,62.5,11.0,1,0.0,Medium Potential
232,Anita Vega,Software Engineer,M.Tech,Hire,Reject,62.5,11.0,1,0.0,Medium Potential
765,Carrie Vazquez,Data Scientist,B.Tech,Reject,Reject,62.5,11.0,1,0.0,Medium Potential
410,Raymond Perez,Data Scientist,PhD,Hire,Reject,62.5,11.0,1,0.0,Medium Potential
132,Rebecca Reynolds,Software Engineer,B.Sc,Reject,Reject,62.5,11.0,1,0.0,Medium Potential
782,Dennis Hunt,Data Scientist,B.Tech,Hire,Reject,62.5,11.0,1,0.0,Medium Potential
743,Suzanne Watson,Software Engineer,B.Sc,Reject,Reject,62.5,11.0,1,0.0,Medium Potential
715,Jacob Ferrell,Software Engineer,M.Tech,Reject,Reject,62.5,11.0,1,0.0,Medium Potential
340,John Alvarez,Data Scientist,B.Tech,Reject,Reject,62.5,11.0,1,0.0,Medium Potential
581,Maria Torres,Data Scientist,B.Tech,Reject,Reject,62.5,11.0,1,0.0,Medium Potential
450,Nicholas Hutchinson,Software Engineer,M.Tech,Reject,Reject,62.5,11.0,1,0.0,Medium Potential
85,Lisa Navarro,Software Engineer,B.Sc,Reject,Reject,62.5,11.0,1,0.0,Medium Potential
73,Scott Kidd,Data Scientist,M.Tech,Reject,Reject,62.5,11.0,1,0.0,Medium Potential
144,David Krause,Cybersecurity Analyst,MBA,Hire,Hire,50.0,12.0,0,100.0,Medium Potential
982,Dakota Clark,AI Researcher,PhD,Hire,Hire,50.0,12.0,0,100.0,Medium Potential
41,Lindsey Jackson,Software Engineer,MBA,Hire,Hire,50.0,12.0,0,100.0,Medium Potential
315,Robert Thompson,Cybersecurity Analyst,M.Tech,Hire,Hire,50.0,12.0,0,100.0,Medium Potential
622,Pam Reynolds,AI Researcher,M.Tech,Hire,Hire,50.0,12.0,0,100.0,Medium Potential
589,Katherine Perry,Software Engineer,M.Tech,Hire,Hire,50.0,12.0,0,100.0,Medium Potential
829,Stephen Miller,AI Researcher,M.Tech,Hire,Hire,50.0,12.0,0,100.0,Medium Potential
949,Alan Lewis,AI Researcher,B.Sc,Hire,Hire,50.0,12.0,0,100.0,Medium Potential
779,Matthew Smith,Data Scientist,B.Tech,Hire,Hire,50.0,12.0,0,100.0,Medium Potential
146,Catherine Garcia,AI Researcher,M.Tech,Hire,Hire,50.0,12.0,0,100.0,Medium Potential
220,Christina Sanchez,AI Researcher,PhD,Hire,Hire,50.0,12.0,0,100.0,Medium Potential
206,Timothy Caldwell,AI Researcher,B.Sc,Hire,Hire,50.0,12.0,0,100.0,Medium Potential
934,Kristina Evans,Data Scientist,M.Tech,Hire,Hire,50.0,12.0,0,100.0,Medium Potential
780,Martin Norris,Software Engineer,M.Tech,Hire,Hire,50.0,12.0,0,100.0,Medium Potential
117,Mr. David Boyle,Cybersecurity Analyst,B.Tech,Hire,Hire,50.0,12.0,0,100.0,Medium Potential
403,Carlos Dawson,Cybersecurity Analyst,B.Tech,Hire,Hire,50.0,12.0,0,100.0,Medium Potential
370,Jose Young,Cybersecurity Analyst,B.Tech,Hire,Hire,50.0,12.0,0,100.0,Medium Potential
841,Gerald Greene,Cybersecurity Analyst,M.Tech,Hire,Hire,50.0,12.0,0,100.0,Medium Potential
906,Amber Hunt,Cybersecurity Analyst,MBA,Hire,Hire,50.0,12.0,0,100.0,Medium Potential
562,Rachel Cherry,AI Researcher,PhD,Hire,Hire,50.0,12.0,0,100.0,Medium Potential
389,Pamela Dillon MD,AI Researcher,MBA,Hire,Hire,50.0,12.0,0,100.0,Medium Potential
381,James Allen,AI Researcher,M.Tech,Hire,Hire,50.0,12.0,0,100.0,Medium Potential
386,Wendy Ferguson,Cybersecurity Analyst,B.Sc,Hire,Hire,50.0,12.0,0,100.0,Medium Potential
913,Krystal Cole,AI Researcher,M.Tech,Hire,Hire,50.0,12.0,0,100.0,Medium Potential
565,Robyn Griffin,Cybersecurity Analyst,PhD,Hire,Hire,50.0,12.0,0,100.0,Medium Potential
557,Jennifer Smith,Cybersecurity Analyst,MBA,Hire,Hire,50.0,12.0,0,100.0,Medium Potential
301,Kristen Maynard,Cybersecurity Analyst,M.Tech,Hire,Hire,50.0,12.0,0,100.0,Medium Potential
596,Julia Ferguson,AI Researcher,M.Tech,Hire,Hire,50.0,12.0,0,100.0,Medium Potential
29,Claudia Harris,AI Researcher,B.Tech,Hire,Hire,50.0,12.0,0,100.0,Medium Potential
634,Patrick Gonzalez,AI Researcher,B.Tech,Hire,Hire,50.0,12.0,0,100.0,Medium Potential
263,Bryan Scott,AI Researcher,B.Sc,Hire,Hire,50.0,12.0,0,100.0,Medium Potential
90,Christina Johnson,Cybersecurity Analyst,M.Tech,Hire,Hire,50.0,12.0,0,100.0,Medium Potential
446,Melissa Lowe,Software Engineer,B.Sc,Hire,Hire,50.0,12.0,0,100.0,Medium Potential
488,Alyssa Thomas,AI Researcher,MBA,Hire,Hire,50.0,12.0,0,100.0,Medium Potential
465,Steven White,Cybersecurity Analyst,M.Tech,Hire,Hire,50.0,12.0,0,100.0,Medium Potential
1,Ashley Ali,AI Researcher,B.Sc,Hire,Hire,50.0,12.0,0,100.0,Medium Potential
795,Jason Mayer,AI Researcher,B.Sc,Hire,Hire,50.0,12.0,0,100.0,Medium Potential
447,Susan Warren,AI Researcher,MBA,Hire,Hire,50.0,12.0,0,100.0,Medium Potential
6,Samantha Santos,Cybersecurity Analyst,B.Tech,Hire,Hire,50.0,12.0,0,100.0,Medium Potential
451,Thomas Hood,Cybersecurity Analyst,B.Sc,Hire,Hire,50.0,12.0,0,100.0,Medium Potential
492,Kevin Moreno,Software Engineer,B.Sc,Hire,Hire,50.0,12.0,0,100.0,Medium Potential
84,Shawn Richardson,AI Researcher,B.Tech,Hire,Hire,50.0,12.0,0,100.0,Medium Potential
476,Christina Oneal,Data Scientist,MBA,Hire,Hire,50.0,12.0,0,100.0,Medium Potential
483,Jodi Franklin,Software Engineer,MBA,Hire,Hire,50.0,12.0,0,100.0,Medium Potential
479,Johnny Arias,Cybersecurity Analyst,M.Tech,Hire,Hire,50.0,12.0,0,100.0,Medium Potential
650,Kathleen Farrell,Cybersecurity Analyst,M.Tech,Hire,Hire,50.0,12.0,0,100.0,Medium Potential
241,Barbara Bernard,Cybersecurity Analyst,MBA,Hire,Hire,50.0,12.0,0,100.0,Medium Potential
655,Steven Haney,Cybersecurity Analyst,B.Sc,Hire,Hire,46.25,13.0,0,90.0,Low Potential
522,Heather Booker,AI Researcher,B.Sc,Hire,Hire,46.25,13.0,0,90.0,Low Potential
282,Gary Gonzalez,AI Researcher,MBA,Hire,Hire,46.25,13.0,0,90.0,Low Potential
270,Jerry Allen,Cybersecurity Analyst,PhD,Hire,Hire,46.25,13.0,0,90.0,Low Potential
257,Paul Williams,Software Engineer,M.Tech,Hire,Hire,46.25,13.0,0,90.0,Low Potential
854,Christian Elliott,AI Researcher,M.Tech,Hire,Hire,46.25,13.0,0,90.0,Low Potential
904,James Grimes,AI Researcher,PhD,Hire,Hire,46.25,13.0,0,90.0,Low Potential
295,Nathan Williams,AI Researcher,MBA,Hire,Hire,46.25,13.0,0,90.0,Low Potential
645,Gregory Martin,Cybersecurity Analyst,PhD,Hire,Hire,46.25,13.0,0,90.0,Low Potential
808,Nathan Miller,Data Scientist,M.Tech,Hire,Hire,46.25,13.0,0,90.0,Low Potential
980,Pamela Santos,AI Researcher,MBA,Hire,Hire,46.25,13.0,0,90.0,Low Potential
319,Elizabeth Chavez,AI Researcher,M.Tech,Hire,Hire,46.25,13.0,0,90.0,Low Potential
34,Maria Glover,AI Researcher,B.Sc,Hire,Hire,46.25,13.0,0,90.0,Low Potential
327,Abigail Brock,Data Scientist,B.Tech,Hire,Hire,46.25,13.0,0,90.0,Low Potential
107,David Richardson,AI Researcher,B.Tech,Hire,Hire,46.25,13.0,0,90.0,Low Potential
772,Matthew Price,AI Researcher,PhD,Hire,Hire,46.25,13.0,0,90.0,Low Potential
786,Jonathan Edwards,AI Researcher,M.Tech,Hire,Hire,46.25,13.0,0,90.0,Low Potential
787,Amy Campbell,Data Scientist,B.Tech,Hire,Hire,46.25,13.0,0,90.0,Low Potential
116,Tina Smith,AI Researcher,PhD,Hire,Hire,46.25,13.0,0,90.0,Low Potential
509,Lisa Doyle,AI Researcher,PhD,Hire,Hire,46.25,13.0,0,90.0,Low Potential
111,Austin Hunter,Software Engineer,B.Tech,Hire,Hire,46.25,13.0,0,90.0,Low Potential
511,Roger Lewis,Cybersecurity Analyst,B.Tech,Hire,Hire,46.25,13.0,0,90.0,Low Potential
393,Jack Hall,Software Engineer,B.Tech,Hire,Hire,46.25,13.0,0,90.0,Low Potential
392,Tyler Fischer,AI Researcher,M.Tech,Hire,Hire,46.25,13.0,0,90.0,Low Potential
858,Autumn Obrien,Cybersecurity Analyst,B.Tech,Hire,Hire,46.25,13.0,0,90.0,Low Potential
755,Jesse Bird,AI Researcher,MBA,Hire,Hire,46.25,13.0,0,90.0,Low Potential
142,Ashley Peters,Cybersecurity Analyst,B.Tech,Hire,Hire,46.25,13.0,0,90.0,Low Potential
516,Ryan Smith,Software Engineer,B.Sc,Hire,Hire,46.25,13.0,0,90.0,Low Potential
512,Pamela Foster,Cybersecurity Analyst,MBA,Hire,Hire,46.25,13.0,0,90.0,Low Potential
863,Theresa Villanueva,Cybersecurity Analyst,MBA,Hire,Hire,46.25,13.0,0,90.0,Low Potential
195,Jason Carter,AI Researcher,B.Sc,Hire,Hire,46.25,13.0,0,90.0,Low Potential
827,Kyle Anderson,AI Researcher,PhD,Hire,Hire,46.25,13.0,0,90.0,Low Potential
837,Kelly Jones,Data Scientist,B.Tech,Hire,Hire,46.25,13.0,0,90.0,Low Potential
205,Rachael Williams,Software Engineer,MBA,Hire,Hire,46.25,13.0,0,90.0,Low Potential
932,Debbie Wong,Cybersecurity Analyst,B.Sc,Hire,Hire,46.25,13.0,0,90.0,Low Potential
673,Shane Burch,Software Engineer,MBA,Hire,Hire,46.25,13.0,0,90.0,Low Potential
221,Keith Ward,Cybersecurity Analyst,PhD,Hire,Hire,46.25,13.0,0,90.0,Low Potential
704,Brian Adams,AI Researcher,B.Sc,Hire,Hire,46.25,13.0,0,90.0,Low Potential
937,Samuel Arnold,Cybersecurity Analyst,MBA,Hire,Hire,46.25,13.0,0,90.0,Low Potential
724,Christopher Campbell,Cybersecurity Analyst,MBA,Hire,Hire,46.25,13.0,0,90.0,Low Potential
150,Shannon Johnson,Data Scientist,B.Sc,Hire,Hire,46.25,13.0,0,90.0,Low Potential
886,David Tran,Data Scientist,PhD,Hire,Hire,46.25,13.0,0,90.0,Low Potential
571,Michael Smith,AI Researcher,MBA,Hire,Hire,46.25,13.0,0,90.0,Low Potential
251,Timothy Smith,AI Researcher,B.Tech,Hire,Hire,46.25,13.0,0,90.0,Low Potential
461,Jamie Smith,AI Researcher,MBA,Hire,Hire,46.25,13.0,0,90.0,Low Potential
439,Willie Castaneda,Software Engineer,B.Tech,Hire,Hire,46.25,13.0,0,90.0,Low Potential
68,David Mitchell,AI Researcher,M.Tech,Hire,Hire,46.25,13.0,0,90.0,Low Potential
790,Yvonne Maynard,Cybersecurity Analyst,B.Sc,Hire,Hire,46.25,13.0,0,90.0,Low Potential
75,Michael Chapman,AI Researcher,B.Sc,Hire,Hire,46.25,13.0,0,90.0,Low Potential
69,Christopher Reed,Cybersecurity Analyst,M.Tech,Hire,Hire,46.25,13.0,0,90.0,Low Potential
83,Ryan Moore,Software Engineer,M.Tech,Hire,Hire,46.25,13.0,0,90.0,Low Potential
806,Brian Welch,AI Researcher,M.Tech,Hire,Hire,46.25,13.0,0,90.0,Low Potential
441,Zoe King,Data Scientist,MBA,Hire,Hire,46.25,13.0,0,90.0,Low Potential
501,Christine Beck,AI Researcher,PhD,Hire,Hire,46.25,13.0,0,90.0,Low Potential
52,Dalton Smith,Cybersecurity Analyst,M.Tech,Hire,Hire,46.25,13.0,0,90.0,Low Potential
63,Kevin Miller,Data Scientist,M.Tech,Hire,Hire,46.25,13.0,0,90.0,Low Potential
990,Tracy Jennings,Cybersecurity Analyst,MBA,Hire,Hire,46.25,13.0,0,90.0,Low Potential
999,Danielle Horn,Cybersecurity Analyst,PhD,Hire,Hire,42.5,14.0,0,80.0,Low Potential
810,Shannon Perkins,Cybersecurity Analyst,MBA,Hire,Hire,42.5,14.0,0,80.0,Low Potential
816,Anthony Contreras,Cybersecurity Analyst,MBA,Hire,Hire,42.5,14.0,0,80.0,Low Potential
486,Matthew Gregory,Cybersecurity Analyst,B.Sc,Hire,Hire,42.5,14.0,0,80.0,Low Potential
463,Dominic Warren,AI Researcher,B.Sc,Hire,Hire,42.5,14.0,0,80.0,Low Potential
452,William Parker V,Data Scientist,B.Sc,Hire,Hire,42.5,14.0,0,80.0,Low Potential
448,Amber Parker,Data Scientist,B.Sc,Hire,Hire,42.5,14.0,0,80.0,Low Potential
104,Emily Williamson,Cybersecurity Analyst,PhD,Hire,Hire,42.5,14.0,0,80.0,Low Potential
102,Elaine Ryan,Cybersecurity Analyst,B.Tech,Hire,Hire,42.5,14.0,0,80.0,Low Potential
133,Eric Gregory,Cybersecurity Analyst,B.Sc,Hire,Hire,42.5,14.0,0,80.0,Low Potential
129,Michael Ingram,Cybersecurity Analyst,B.Sc,Hire,Hire,42.5,14.0,0,80.0,Low Potential
148,Joshua Hughes,Data Scientist,PhD,Hire,Hire,42.5,14.0,0,80.0,Low Potential
180,Erin Maynard,Cybersecurity Analyst,MBA,Hire,Hire,42.5,14.0,0,80.0,Low Potential
171,Scott Gray,Cybersecurity Analyst,MBA,Hire,Hire,42.5,14.0,0,80.0,Low Potential
751,Thomas Ramos,Cybersecurity Analyst,PhD,Hire,Hire,42.5,14.0,0,80.0,Low Potential
726,Nicholas Stephens,Data Scientist,B.Tech,Hire,Hire,42.5,14.0,0,80.0,Low Potential
723,Jennifer Moran,Data Scientist,B.Tech,Hire,Hire,42.5,14.0,0,80.0,Low Potential
203,Danny Torres,Cybersecurity Analyst,B.Tech,Hire,Hire,42.5,14.0,0,80.0,Low Potential
201,Ashley Elliott,Cybersecurity Analyst,MBA,Hire,Hire,42.5,14.0,0,80.0,Low Potential
197,John Mendoza,Data Scientist,PhD,Hire,Hire,42.5,14.0,0,80.0,Low Potential
191,Rachel Bridges,Cybersecurity Analyst,B.Sc,Hire,Hire,42.5,14.0,0,80.0,Low Potential
839,Yolanda Vasquez,Cybersecurity Analyst,B.Sc,Hire,Hire,42.5,14.0,0,80.0,Low Potential
423,Zachary Cohen,AI Researcher,B.Sc,Hire,Hire,42.5,14.0,0,80.0,Low Potential
865,Joseph Gallagher,Cybersecurity Analyst,B.Tech,Hire,Hire,42.5,14.0,0,80.0,Low Potential
218,William Murphy,AI Researcher,MBA,Hire,Hire,42.5,14.0,0,80.0,Low Potential
216,Gloria Miller,Cybersecurity Analyst,M.Tech,Hire,Hire,42.5,14.0,0,80.0,Low Potential
699,Laura Little,Cybersecurity Analyst,M.Tech,Hire,Hire,42.5,14.0,0,80.0,Low Potential
925,Amy Reynolds,Cybersecurity Analyst,PhD,Hire,Hire,42.5,14.0,0,80.0,Low Potential
253,Sherry Mcgrath,AI Researcher,PhD,Hire,Hire,42.5,14.0,0,80.0,Low Potential
239,Tiffany Austin,AI Researcher,PhD,Hire,Hire,42.5,14.0,0,80.0,Low Potential
665,Debra Martinez,AI Researcher,B.Tech,Hire,Hire,42.5,14.0,0,80.0,Low Potential
632,Nicholas Williams,Cybersecurity Analyst,PhD,Hire,Hire,42.5,14.0,0,80.0,Low Potential
274,Ricky Morris,AI Researcher,MBA,Hire,Hire,42.5,14.0,0,80.0,Low Potential
260,Dr. Samantha Hill MD,AI Researcher,B.Tech,Hire,Hire,42.5,14.0,0,80.0,Low Potential
258,Jasmine Cole,Cybersecurity Analyst,B.Sc,Hire,Hire,42.5,14.0,0,80.0,Low Potential
861,Karen Acosta,AI Researcher,B.Tech,Hire,Hire,42.5,14.0,0,80.0,Low Potential
407,Tiffany Rogers,AI Researcher,MBA,Hire,Hire,42.5,14.0,0,80.0,Low Potential
395,Donald Morales,AI Researcher,B.Tech,Hire,Hire,42.5,14.0,0,80.0,Low Potential
882,Cindy Hamilton,Software Engineer,M.Tech,Hire,Hire,42.5,14.0,0,80.0,Low Potential
873,Lorraine Hammond,Cybersecurity Analyst,MBA,Hire,Hire,42.5,14.0,0,80.0,Low Potential
298,Jerome Schmitt,Cybersecurity Analyst,MBA,Hire,Hire,42.5,14.0,0,80.0,Low Potential
597,Samantha Smith,Data Scientist,B.Tech,Hire,Hire,42.5,14.0,0,80.0,Low Potential
304,Carlos Goodwin,AI Researcher,B.Sc,Hire,Hire,42.5,14.0,0,80.0,Low Potential
613,Dennis Wheeler,AI Researcher,B.Sc,Hire,Hire,42.5,14.0,0,80.0,Low Potential
578,Timothy Wong,Software Engineer,MBA,Hire,Hire,42.5,14.0,0,80.0,Low Potential
324,Brandon Monroe,Cybersecurity Analyst,B.Tech,Hire,Hire,42.5,14.0,0,80.0,Low Potential
610,Briana Burnett,Cybersecurity Analyst,M.Tech,Hire,Hire,42.5,14.0,0,80.0,Low Potential
609,Nathan Davis,AI Researcher,MBA,Hire,Hire,42.5,14.0,0,80.0,Low Potential
569,Zachary Ross,Cybersecurity Analyst,PhD,Hire,Hire,42.5,14.0,0,80.0,Low Potential
898,Patricia Dunn,AI Researcher,M.Tech,Hire,Hire,42.5,14.0,0,80.0,Low Potential
892,Sandra Scott,AI Researcher,M.Tech,Hire,Hire,42.5,14.0,0,80.0,Low Potential
391,Jordan Matthews,AI Researcher,MBA,Hire,Hire,42.5,14.0,0,80.0,Low Potential
523,Ronald Griffith,Cybersecurity Analyst,B.Tech,Hire,Hire,42.5,14.0,0,80.0,Low Potential
383,David Wilkerson,AI Researcher,B.Tech,Hire,Hire,42.5,14.0,0,80.0,Low Potential
377,Breanna Barrett,Software Engineer,B.Sc,Hire,Hire,42.5,14.0,0,80.0,Low Potential
355,Isabella Long,AI Researcher,B.Sc,Hire,Hire,42.5,14.0,0,80.0,Low Potential
24,Taylor Williams,AI Researcher,MBA,Hire,Hire,42.5,14.0,0,80.0,Low Potential
471,Dana Gibson,AI Researcher,PhD,Hire,Hire,42.5,14.0,0,80.0,Low Potential
801,Scott Kaiser,AI Researcher,M.Tech,Hire,Hire,42.5,14.0,0,80.0,Low Potential
86,Renee Patterson MD,Software Engineer,M.Tech,Hire,Hire,42.5,14.0,0,80.0,Low Potential
71,Taylor Wright,AI Researcher,PhD,Hire,Hire,42.5,14.0,0,80.0,Low Potential
48,Christopher Stevenson,Data Scientist,PhD,Hire,Hire,42.5,14.0,0,80.0,Low Potential
26,Roy Huang,AI Researcher,B.Tech,Hire,Hire,38.75,15.0,0,70.0,Low Potential
36,Bradley Cruz,AI Researcher,PhD,Hire,Hire,38.75,15.0,0,70.0,Low Potential
37,Darrell Wilkinson,AI Researcher,M.Tech,Hire,Hire,38.75,15.0,0,70.0,Low Potential
39,Denise Harper,Cybersecurity Analyst,PhD,Hire,Hire,38.75,15.0,0,70.0,Low Potential
572,Steven Wagner,Data Scientist,B.Tech,Hire,Hire,38.75,15.0,0,70.0,Low Potential
356,Vincent Daniel,AI Researcher,B.Sc,Hire,Hire,38.75,15.0,0,70.0,Low Potential
510,Cody Harris,Cybersecurity Analyst,PhD,Hire,Hire,38.75,15.0,0,70.0,Low Potential
507,Danielle Rollins,AI Researcher,B.Sc,Hire,Hire,38.75,15.0,0,70.0,Low Potential
371,Timothy Johnson,Software Engineer,PhD,Hire,Hire,38.75,15.0,0,70.0,Low Potential
362,April West,Cybersecurity Analyst,B.Tech,Hire,Hire,38.75,15.0,0,70.0,Low Potential
545,Jeffrey Smith,Data Scientist,B.Tech,Hire,Hire,38.75,15.0,0,70.0,Low Potential
532,Eddie Hutchinson,Data Scientist,B.Sc,Hire,Hire,38.75,15.0,0,70.0,Low Potential
889,Hannah Rivera,Cybersecurity Analyst,MBA,Hire,Hire,38.75,15.0,0,70.0,Low Potential
958,Elizabeth Logan,Cybersecurity Analyst,MBA,Hire,Hire,38.75,15.0,0,70.0,Low Potential
136,Elizabeth Williamson,Cybersecurity Analyst,B.Sc,Hire,Hire,38.75,15.0,0,70.0,Low Potential
123,Stephen Mcdonald,Cybersecurity Analyst,PhD,Hire,Hire,38.75,15.0,0,70.0,Low Potential
88,Derek Smith,AI Researcher,B.Sc,Hire,Hire,38.75,15.0,0,70.0,Low Potential
526,Jenna Burnett,Cybersecurity Analyst,PhD,Hire,Hire,38.75,15.0,0,70.0,Low Potential
343,Dylan Keller,AI Researcher,B.Sc,Hire,Hire,38.75,15.0,0,70.0,Low Potential
891,Jason Case,Cybersecurity Analyst,M.Tech,Hire,Hire,38.75,15.0,0,70.0,Low Potential
558,Jessica Campbell,Data Scientist,B.Tech,Hire,Hire,38.75,15.0,0,70.0,Low Potential
902,John Wilson,AI Researcher,M.Tech,Hire,Hire,38.75,15.0,0,70.0,Low Potential
335,Natalie King,Cybersecurity Analyst,M.Tech,Hire,Hire,38.75,15.0,0,70.0,Low Potential
745,Nicole Austin,AI Researcher,B.Sc,Hire,Hire,38.75,15.0,0,70.0,Low Potential
595,Katelyn Durham,AI Researcher,B.Sc,Hire,Hire,38.75,15.0,0,70.0,Low Potential
599,Jennifer Yu,AI Researcher,B.Sc,Hire,Hire,38.75,15.0,0,70.0,Low Potential
600,Jessica Robinson,AI Researcher,B.Tech,Hire,Hire,38.75,15.0,0,70.0,Low Potential
635,Edward Johnson,Software Engineer,PhD,Hire,Hire,38.75,15.0,0,70.0,Low Potential
643,Michael Chang,Cybersecurity Analyst,B.Tech,Hire,Hire,38.75,15.0,0,70.0,Low Potential
639,Dr. Brandon Dickson DDS,AI Researcher,M.Tech,Hire,Hire,38.75,15.0,0,70.0,Low Potential
788,Jacob Duncan,Cybersecurity Analyst,PhD,Hire,Hire,38.75,15.0,0,70.0,Low Potential
110,Nicole Hunt,Cybersecurity Analyst,MBA,Hire,Hire,38.75,15.0,0,70.0,Low Potential
261,Steven Hull,AI Researcher,B.Sc,Hire,Hire,38.75,15.0,0,70.0,Low Potential
266,Maria Green MD,AI Researcher,MBA,Hire,Hire,38.75,15.0,0,70.0,Low Potential
276,Amber Brown,AI Researcher,PhD,Hire,Hire,38.75,15.0,0,70.0,Low Potential
285,Tara Williams,Data Scientist,B.Tech,Hire,Hire,38.75,15.0,0,70.0,Low Potential
170,Ruth Prince,Data Scientist,M.Tech,Hire,Hire,38.75,15.0,0,70.0,Low Potential
165,Rhonda Green,Cybersecurity Analyst,M.Tech,Hire,Hire,38.75,15.0,0,70.0,Low Potential
742,Julie George,AI Researcher,B.Sc,Hire,Hire,38.75,15.0,0,70.0,Low Potential
247,Daniel Alvarado,Cybersecurity Analyst,MBA,Hire,Hire,38.75,15.0,0,70.0,Low Potential
851,Hannah Smith,Cybersecurity Analyst,B.Sc,Hire,Hire,38.75,15.0,0,70.0,Low Potential
730,Andrea Beard,Software Engineer,M.Tech,Hire,Hire,38.75,15.0,0,70.0,Low Potential
252,Erin Maynard,AI Researcher,M.Tech,Hire,Hire,38.75,15.0,0,70.0,Low Potential
196,Kimberly Anderson,AI Researcher,B.Tech,Hire,Hire,38.75,15.0,0,70.0,Low Potential
923,Michael Padilla,AI Researcher,B.Sc,Hire,Hire,38.75,15.0,0,70.0,Low Potential
4,Elizabeth Carney,AI Researcher,B.Tech,Hire,Hire,38.75,15.0,0,70.0,Low Potential
976,Erin Wells,Cybersecurity Analyst,B.Tech,Hire,Hire,38.75,15.0,0,70.0,Low Potential
497,Darrell Morris,Cybersecurity Analyst,B.Tech,Hire,Hire,38.75,15.0,0,70.0,Low Potential
78,Michael Vasquez,Cybersecurity Analyst,PhD,Hire,Hire,38.75,15.0,0,70.0,Low Potential
81,Jamie Rose,AI Researcher,MBA,Hire,Hire,38.75,15.0,0,70.0,Low Potential
797,Deborah Lynch,Cybersecurity Analyst,PhD,Hire,Hire,38.75,15.0,0,70.0,Low Potential
693,Jeanette Garcia MD,Cybersecurity Analyst,B.Tech,Hire,Hire,38.75,15.0,0,70.0,Low Potential
228,Sarah Christensen,Cybersecurity Analyst,B.Sc,Hire,Hire,38.75,15.0,0,70.0,Low Potential
9,Nancy Jenkins,Cybersecurity Analyst,MBA,Hire,Hire,38.75,15.0,0,70.0,Low Potential
207,Jenny Weaver,Cybersecurity Analyst,MBA,Hire,Hire,38.75,15.0,0,70.0,Low Potential
212,Denise Davenport,Cybersecurity Analyst,B.Tech,Hire,Hire,38.75,15.0,0,70.0,Low Potential
692,Chelsea Harris,AI Researcher,MBA,Hire,Hire,38.75,15.0,0,70.0,Low Potential
427,Robert Cameron,Cybersecurity Analyst,MBA,Hire,Hire,38.75,15.0,0,70.0,Low Potential
838,Cheryl Green,Software Engineer,PhD,Hire,Hire,38.75,15.0,0,70.0,Low Potential
951,Rita Russell,Data Scientist,M.Tech,Hire,Hire,38.75,15.0,0,70.0,Low Potential
688,Kenneth Johnson,Cybersecurity Analyst,B.Tech,Hire,Hire,38.75,15.0,0,70.0,Low Potential
705,Sylvia Rogers,Cybersecurity Analyst,B.Tech,Hire,Hire,38.75,15.0,0,70.0,Low Potential
385,Elijah Mcmillan,Software Engineer,B.Tech,Hire,Hire,35.0,16.0,0,60.0,Low Potential
135,Paul Castro,AI Researcher,B.Sc,Hire,Hire,35.0,16.0,0,60.0,Low Potential
941,Donald Cantu,Cybersecurity Analyst,B.Tech,Hire,Hire,35.0,16.0,0,60.0,Low Potential
716,David Frey,AI Researcher,B.Sc,Hire,Hire,35.0,16.0,0,60.0,Low Potential
256,Kathleen Foster,AI Researcher,B.Tech,Hire,Hire,35.0,16.0,0,60.0,Low Potential
747,Susan Andrews,AI Researcher,B.Tech,Hire,Hire,35.0,16.0,0,60.0,Low Potential
664,Edward Williams,Cybersecurity Analyst,M.Tech,Hire,Hire,35.0,16.0,0,60.0,Low Potential
694,Lorraine Jordan,Cybersecurity Analyst,B.Sc,Hire,Hire,35.0,16.0,0,60.0,Low Potential
181,Jared Gonzalez,Software Engineer,PhD,Hire,Hire,35.0,16.0,0,60.0,Low Potential
757,Michelle Nolan,AI Researcher,PhD,Hire,Hire,35.0,16.0,0,60.0,Low Potential
738,Matthew Kent,Cybersecurity Analyst,MBA,Hire,Hire,35.0,16.0,0,60.0,Low Potential
290,Martin Dean,Cybersecurity Analyst,MBA,Hire,Hire,35.0,16.0,0,60.0,Low Potential
279,Trevor Freeman,Cybersecurity Analyst,M.Tech,Hire,Hire,35.0,16.0,0,60.0,Low Potential
402,Sarah Gomez,Cybersecurity Analyst,B.Sc,Hire,Hire,35.0,16.0,0,60.0,Low Potential
159,Christopher White,Cybersecurity Analyst,B.Sc,Hire,Hire,35.0,16.0,0,60.0,Low Potential
619,Larry Williams,AI Researcher,M.Tech,Hire,Hire,35.0,16.0,0,60.0,Low Potential
157,Paul Wallace,Cybersecurity Analyst,B.Sc,Hire,Hire,35.0,16.0,0,60.0,Low Potential
156,Anthony Neal,Cybersecurity Analyst,M.Tech,Hire,Hire,35.0,16.0,0,60.0,Low Potential
594,Brittany Nelson,AI Researcher,MBA,Hire,Hire,35.0,16.0,0,60.0,Low Potential
637,Charles Bennett,AI Researcher,B.Tech,Hire,Hire,35.0,16.0,0,60.0,Low Potential
771,Dr. Bradley Rogers,Cybersecurity Analyst,PhD,Hire,Hire,35.0,16.0,0,60.0,Low Potential
149,Laurie Cervantes,AI Researcher,B.Tech,Hire,Hire,35.0,16.0,0,60.0,Low Potential
912,Ann Long,AI Researcher,M.Tech,Hire,Hire,35.0,16.0,0,60.0,Low Potential
911,Erin Hull,Data Scientist,PhD,Hire,Hire,35.0,16.0,0,60.0,Low Potential
880,Elizabeth Smith,Cybersecurity Analyst,PhD,Hire,Hire,35.0,16.0,0,60.0,Low Potential
907,Brandon Lucero,AI Researcher,B.Tech,Hire,Hire,35.0,16.0,0,60.0,Low Potential
544,Sarah Jones,Cybersecurity Analyst,B.Sc,Hire,Hire,35.0,16.0,0,60.0,Low Potential
540,Felicia Wright,AI Researcher,PhD,Hire,Hire,35.0,16.0,0,60.0,Low Potential
369,Shelly Mann,Data Scientist,MBA,Hire,Hire,35.0,16.0,0,60.0,Low Potential
98,Michelle Benton,AI Researcher,B.Tech,Hire,Hire,35.0,16.0,0,60.0,Low Potential
781,Paul Torres,AI Researcher,PhD,Hire,Hire,35.0,16.0,0,60.0,Low Potential
458,Keith Hayes,Cybersecurity Analyst,PhD,Hire,Hire,35.0,16.0,0,60.0,Low Potential
957,Sarah Wood MD,Cybersecurity Analyst,MBA,Hire,Hire,35.0,16.0,0,60.0,Low Potential
814,Cody Nolan,AI Researcher,M.Tech,Hire,Hire,35.0,16.0,0,60.0,Low Potential
922,Gary Fisher,Cybersecurity Analyst,PhD,Hire,Hire,35.0,16.0,0,60.0,Low Potential
421,Megan Smith,Cybersecurity Analyst,MBA,Hire,Hire,35.0,16.0,0,60.0,Low Potential
223,James Myers,AI Researcher,B.Sc,Hire,Hire,35.0,16.0,0,60.0,Low Potential
202,Thomas Hill,AI Researcher,PhD,Hire,Hire,35.0,16.0,0,60.0,Low Potential
866,Ashley Luna,AI Researcher,PhD,Hire,Hire,35.0,16.0,0,60.0,Low Potential
870,Cassandra Crawford,AI Researcher,PhD,Hire,Hire,35.0,16.0,0,60.0,Low Potential
487,Eric Hill,Cybersecurity Analyst,B.Tech,Hire,Hire,35.0,16.0,0,60.0,Low Potential
802,James Baker,Cybersecurity Analyst,B.Sc,Hire,Hire,35.0,16.0,0,60.0,Low Potential
22,Amber Davis,AI Researcher,B.Sc,Hire,Hire,35.0,16.0,0,60.0,Low Potential
457,Paul Wallace,Cybersecurity Analyst,MBA,Hire,Hire,35.0,16.0,0,60.0,Low Potential
460,Brandon Reyes,AI Researcher,B.Tech,Hire,Hire,35.0,16.0,0,60.0,Low Potential
60,Sarah Kane,Software Engineer,PhD,Hire,Hire,35.0,16.0,0,60.0,Low Potential
862,Chelsea Weaver,AI Researcher,PhD,Hire,Hire,35.0,16.0,0,60.0,Low Potential
121,Cynthia Espinoza,Software Engineer,B.Sc,Hire,Hire,35.0,16.0,0,60.0,Low Potential
125,Jaime Wilson,Software Engineer,MBA,Hire,Hire,35.0,16.0,0,60.0,Low Potential
893,Brian Sullivan,Cybersecurity Analyst,PhD,Hire,Hire,35.0,16.0,0,60.0,Low Potential
585,Andrew Santiago,Cybersecurity Analyst,MBA,Hire,Hire,35.0,16.0,0,60.0,Low Potential
967,Courtney Black,Cybersecurity Analyst,MBA,Hire,Hire,35.0,16.0,0,60.0,Low Potential
964,Mary Vasquez,AI Researcher,PhD,Hire,Hire,35.0,16.0,0,60.0,Low Potential
896,Erin Murphy,AI Researcher,MBA,Hire,Hire,35.0,16.0,0,60.0,Low Potential
564,Sue Young,Software Engineer,B.Sc,Hire,Hire,35.0,16.0,0,60.0,Low Potential
759,Eric Jimenez,AI Researcher,B.Tech,Hire,Hire,35.0,16.0,0,60.0,Low Potential
761,Reginald Hernandez,Cybersecurity Analyst,B.Sc,Hire,Hire,35.0,16.0,0,60.0,Low Potential
542,Angie Roberts,Data Scientist,B.Tech,Hire,Hire,35.0,16.0,0,60.0,Low Potential
346,Isabel Williams,Cybersecurity Analyst,MBA,Hire,Hire,35.0,16.0,0,60.0,Low Potential
99,Shannon Patel,Data Scientist,PhD,Hire,Hire,35.0,16.0,0,60.0,Low Potential
575,Michelle King,Cybersecurity Analyst,M.Tech,Hire,Hire,35.0,16.0,0,60.0,Low Potential
484,Ann Morgan,Cybersecurity Analyst,M.Tech,Hire,Hire,31.25,17.0,0,50.0,Low Potential
508,Eric Bush,Data Scientist,B.Tech,Hire,Hire,31.25,17.0,0,50.0,Low Potential
784,Tabitha Mcgee,Cybersecurity Analyst,PhD,Hire,Hire,31.25,17.0,0,50.0,Low Potential
93,Cody Pace,AI Researcher,B.Sc,Hire,Hire,31.25,17.0,0,50.0,Low Potential
576,James Johnson,Data Scientist,B.Sc,Hire,Hire,31.25,17.0,0,50.0,Low Potential
938,Jacob Morrow,AI Researcher,PhD,Hire,Hire,31.25,17.0,0,50.0,Low Potential
842,Matthew Mckinney,AI Researcher,MBA,Hire,Hire,31.25,17.0,0,50.0,Low Potential
238,April Lewis,Data Scientist,B.Tech,Hire,Hire,31.25,17.0,0,50.0,Low Potential
668,Breanna Archer,AI Researcher,MBA,Hire,Hire,31.25,17.0,0,50.0,Low Potential
756,Alyssa Rivera,Software Engineer,B.Tech,Hire,Hire,31.25,17.0,0,50.0,Low Potential
741,Jacob Chang,AI Researcher,MBA,Hire,Hire,31.25,17.0,0,50.0,Low Potential
739,Danny Brown,Cybersecurity Analyst,B.Tech,Hire,Hire,31.25,17.0,0,50.0,Low Potential
163,Katie Wall,Cybersecurity Analyst,M.Tech,Hire,Hire,31.25,17.0,0,50.0,Low Potential
322,Jennifer Padilla,Cybersecurity Analyst,M.Tech,Hire,Hire,31.25,17.0,0,50.0,Low Potential
625,Victoria Thompson,Cybersecurity Analyst,B.Tech,Hire,Hire,31.25,17.0,0,50.0,Low Potential
624,Luke Johnson,AI Researcher,M.Tech,Hire,Hire,31.25,17.0,0,50.0,Low Potential
605,Sara Jackson,Data Scientist,M.Tech,Hire,Hire,31.25,17.0,0,50.0,Low Potential
909,Amy Anderson,AI Researcher,B.Tech,Hire,Hire,31.25,17.0,0,50.0,Low Potential
919,Shannon Frazier,Data Scientist,MBA,Hire,Hire,31.25,17.0,0,50.0,Low Potential
400,Jacob Peterson,AI Researcher,B.Tech,Hire,Hire,31.25,17.0,0,50.0,Low Potential
401,Christopher Chandler DVM,Cybersecurity Analyst,MBA,Hire,Hire,31.25,17.0,0,50.0,Low Potential
155,Brandon Ruiz,Cybersecurity Analyst,MBA,Hire,Hire,31.25,17.0,0,50.0,Low Potential
145,Tabitha Clark,AI Researcher,B.Tech,Hire,Hire,31.25,17.0,0,50.0,Low Potential
734,Kevin Baker,Software Engineer,MBA,Hire,Hire,31.25,17.0,0,50.0,Low Potential
736,Justin Clark,Software Engineer,B.Tech,Hire,Hire,31.25,17.0,0,50.0,Low Potential
435,Brenda Haney,Cybersecurity Analyst,B.Sc,Hire,Hire,31.25,17.0,0,50.0,Low Potential
442,Benjamin Ward,Cybersecurity Analyst,MBA,Hire,Hire,31.25,17.0,0,50.0,Low Potential
368,Mike Miller,AI Researcher,B.Tech,Hire,Hire,31.25,17.0,0,50.0,Low Potential
785,Sharon Murray,Cybersecurity Analyst,B.Tech,Hire,Hire,31.25,17.0,0,50.0,Low Potential
963,Michael Hall,AI Researcher,B.Sc,Hire,Hire,31.25,17.0,0,50.0,Low Potential
323,Malik Burns,Data Scientist,B.Tech,Hire,Hire,31.25,17.0,0,50.0,Low Potential
561,William Hanson,AI Researcher,B.Tech,Hire,Hire,31.25,17.0,0,50.0,Low Potential
606,Kelly Porter,Cybersecurity Analyst,B.Tech,Hire,Hire,31.25,17.0,0,50.0,Low Potential
583,Brian Dean,Software Engineer,PhD,Hire,Hire,31.25,17.0,0,50.0,Low Potential
582,Samantha Rodriguez,Software Engineer,B.Sc,Hire,Hire,31.25,17.0,0,50.0,Low Potential
333,Kimberly Thompson,AI Researcher,PhD,Hire,Hire,31.25,17.0,0,50.0,Low Potential
584,Jonathan Baxter,AI Researcher,B.Sc,Hire,Hire,31.25,17.0,0,50.0,Low Potential
118,Mariah Randolph,Software Engineer,PhD,Hire,Hire,31.25,17.0,0,50.0,Low Potential
553,Timothy Duncan,AI Researcher,PhD,Hire,Hire,31.25,17.0,0,50.0,Low Potential
366,Tristan Burgess PhD,AI Researcher,M.Tech,Hire,Hire,31.25,17.0,0,50.0,Low Potential
868,Samuel Mckinney,AI Researcher,MBA,Hire,Hire,31.25,17.0,0,50.0,Low Potential
51,Kenneth Skinner,AI Researcher,PhD,Hire,Hire,31.25,17.0,0,50.0,Low Potential
50,Christopher Nicholson,AI Researcher,B.Tech,Hire,Hire,31.25,17.0,0,50.0,Low Potential
835,Mike Hayes,Cybersecurity Analyst,B.Tech,Hire,Hire,31.25,17.0,0,50.0,Low Potential
502,Samantha Evans,AI Researcher,MBA,Hire,Hire,31.25,17.0,0,50.0,Low Potential
950,Elizabeth Fry,Cybersecurity Analyst,B.Sc,Hire,Hire,31.25,17.0,0,50.0,Low Potential
415,James Reyes,Software Engineer,B.Sc,Hire,Hire,31.25,17.0,0,50.0,Low Potential
685,Nicole Mercado,Software Engineer,MBA,Hire,Hire,31.25,17.0,0,50.0,Low Potential
672,John Mooney,AI Researcher,M.Tech,Hire,Hire,31.25,17.0,0,50.0,Low Potential
429,Anna Morrison,Cybersecurity Analyst,M.Tech,Hire,Hire,31.25,17.0,0,50.0,Low Potential
428,George Mills,Software Engineer,PhD,Hire,Hire,31.25,17.0,0,50.0,Low Potential
815,Jose Kane,Cybersecurity Analyst,M.Tech,Hire,Hire,31.25,17.0,0,50.0,Low Potential
467,Monica Armstrong,AI Researcher,B.Sc,Hire,Hire,31.25,17.0,0,50.0,Low Potential
989,Christina Ball,AI Researcher,B.Sc,Hire,Hire,31.25,17.0,0,50.0,Low Potential
995,Brian Hawkins,Software Engineer,PhD,Hire,Hire,27.500000000000004,18.0,0,40.0,Low Potential
466,Jessica Trevino,AI Researcher,MBA,Hire,Hire,27.500000000000004,18.0,0,40.0,Low Potential
459,Scott Fisher,Software Engineer,B.Tech,Hire,Hire,27.500000000000004,18.0,0,40.0,Low Potential
225,John Weiss,Cybersecurity Analyst,PhD,Hire,Hire,27.500000000000004,18.0,0,40.0,Low Potential
412,Kent Davis,Cybersecurity Analyst,PhD,Reject,Hire,27.500000000000004,18.0,0,40.0,Low Potential
413,Alex Valdez,Software Engineer,MBA,Hire,Hire,27.500000000000004,18.0,0,40.0,Low Potential
820,Adam Tapia,Cybersecurity Analyst,PhD,Hire,Hire,27.500000000000004,18.0,0,40.0,Low Potential
954,Jennifer Juarez,Cybersecurity Analyst,M.Tech,Hire,Hire,27.500000000000004,18.0,0,40.0,Low Potential
654,Michael Ramirez,Cybersecurity Analyst,B.Tech,Hire,Hire,27.500000000000004,18.0,0,40.0,Low Potential
651,Anna Burch,AI Researcher,PhD,Hire,Hire,27.500000000000004,18.0,0,40.0,Low Potential
691,Victor Garza,Software Engineer,MBA,Hire,Hire,27.500000000000004,18.0,0,40.0,Low Potential
920,Kelly Harrell,Cybersecurity Analyst,MBA,Hire,Hire,27.500000000000004,18.0,0,40.0,Low Potential
504,Alex Morgan,Cybersecurity Analyst,M.Tech,Reject,Hire,27.500000000000004,18.0,0,40.0,Low Potential
426,Molly Brewer,AI Researcher,B.Sc,Hire,Hire,27.500000000000004,18.0,0,40.0,Low Potential
706,Stephanie Nguyen,AI Researcher,M.Tech,Hire,Hire,27.500000000000004,18.0,0,40.0,Low Potential
701,Sarah Robinson,Cybersecurity Analyst,B.Tech,Hire,Hire,27.500000000000004,18.0,0,40.0,Low Potential
631,Kevin Cross,Cybersecurity Analyst,PhD,Reject,Hire,27.500000000000004,18.0,0,40.0,Low Potential
847,Curtis Wood,Data Scientist,B.Tech,Hire,Hire,27.500000000000004,18.0,0,40.0,Low Potential
698,Kristy Horton,Cybersecurity Analyst,B.Tech,Hire,Hire,27.500000000000004,18.0,0,40.0,Low Potential
833,Antonio Hill,AI Researcher,M.Tech,Hire,Hire,27.500000000000004,18.0,0,40.0,Low Potential
408,Gregory Beard,AI Researcher,MBA,Hire,Hire,27.500000000000004,18.0,0,40.0,Low Potential
885,Joe Martinez,AI Researcher,B.Sc,Hire,Hire,27.500000000000004,18.0,0,40.0,Low Potential
905,Stacy Flores,Data Scientist,PhD,Reject,Hire,27.500000000000004,18.0,0,40.0,Low Potential
860,Terry Simpson,Cybersecurity Analyst,M.Tech,Hire,Hire,27.500000000000004,18.0,0,40.0,Low Potential
718,Melissa Patterson,Cybersecurity Analyst,PhD,Hire,Hire,27.500000000000004,18.0,0,40.0,Low Potential
711,Robert Simon,AI Researcher,B.Sc,Hire,Hire,27.500000000000004,18.0,0,40.0,Low Potential
826,Kelly Mejia,Cybersecurity Analyst,MBA,Hire,Hire,27.500000000000004,18.0,0,40.0,Low Potential
720,Deanna Williams,AI Researcher,M.Tech,Hire,Hire,27.500000000000004,18.0,0,40.0,Low Potential
689,Chelsea Friedman,AI Researcher,B.Sc,Hire,Hire,27.500000000000004,18.0,0,40.0,Low Potential
339,Jose Kirk,Cybersecurity Analyst,B.Tech,Reject,Hire,27.500000000000004,18.0,0,40.0,Low Potential
615,Kevin Robinson,AI Researcher,MBA,Hire,Hire,27.500000000000004,18.0,0,40.0,Low Potential
883,Scott Fuller,AI Researcher,B.Tech,Hire,Hire,27.500000000000004,18.0,0,40.0,Low Potential
373,Crystal Parker,AI Researcher,PhD,Hire,Hire,27.500000000000004,18.0,0,40.0,Low Potential
97,Dawn Tucker,AI Researcher,PhD,Hire,Hire,27.500000000000004,18.0,0,40.0,Low Potential
518,Renee Hayes,Cybersecurity Analyst,B.Sc,Hire,Hire,27.500000000000004,18.0,0,40.0,Low Potential
431,John Owens,AI Researcher,B.Tech,Hire,Hire,27.500000000000004,18.0,0,40.0,Low Potential
92,Melissa Salinas,AI Researcher,MBA,Hire,Hire,27.500000000000004,18.0,0,40.0,Low Potential
122,Robert Carey,AI Researcher,B.Sc,Hire,Hire,27.500000000000004,18.0,0,40.0,Low Potential
137,Mason Jones,Cybersecurity Analyst,M.Tech,Hire,Hire,27.500000000000004,18.0,0,40.0,Low Potential
384,Melissa Wheeler,AI Researcher,B.Tech,Hire,Hire,27.500000000000004,18.0,0,40.0,Low Potential
328,Maria Perez PhD,Cybersecurity Analyst,MBA,Hire,Hire,27.500000000000004,18.0,0,40.0,Low Potential
607,Adam Hopkins,AI Researcher,B.Tech,Hire,Hire,27.500000000000004,18.0,0,40.0,Low Potential
538,Jill Williams,AI Researcher,B.Sc,Hire,Hire,27.500000000000004,18.0,0,40.0,Low Potential
530,Denise Cruz,AI Researcher,M.Tech,Hire,Hire,27.500000000000004,18.0,0,40.0,Low Potential
7,Tony Smith,Cybersecurity Analyst,M.Tech,Hire,Hire,27.500000000000004,18.0,0,40.0,Low Potential
470,Samuel Lawson,AI Researcher,B.Sc,Hire,Hire,27.500000000000004,18.0,0,40.0,Low Potential
573,Anna May,Software Engineer,B.Sc,Hire,Hire,27.500000000000004,18.0,0,40.0,Low Potential
91,David Santos,AI Researcher,MBA,Hire,Hire,27.500000000000004,18.0,0,40.0,Low Potential
621,Patricia Sherman,AI Researcher,M.Tech,Hire,Hire,27.500000000000004,18.0,0,40.0,Low Potential
233,Jennifer Lane,Data Scientist,MBA,Hire,Hire,23.75,19.0,0,30.0,Low Potential
659,Frank Hart,AI Researcher,B.Tech,Hire,Hire,23.75,19.0,0,30.0,Low Potential
652,Kelly Berg,AI Researcher,B.Tech,Hire,Hire,23.75,19.0,0,30.0,Low Potential
690,Jennifer Shaw,AI Researcher,B.Sc,Hire,Hire,23.75,19.0,0,30.0,Low Potential
199,Zachary Harris,Cybersecurity Analyst,M.Tech,Reject,Hire,23.75,19.0,0,30.0,Low Potential
710,Dawn Bush,Cybersecurity Analyst,PhD,Reject,Hire,23.75,19.0,0,30.0,Low Potential
211,Cindy Crosby,Data Scientist,B.Tech,Hire,Hire,23.75,19.0,0,30.0,Low Potential
496,Regina English,Data Scientist,B.Sc,Hire,Hire,23.75,19.0,0,30.0,Low Potential
43,Justin Ross,AI Researcher,M.Tech,Hire,Hire,23.75,19.0,0,30.0,Low Potential
973,Samuel Bright,AI Researcher,MBA,Hire,Hire,23.75,19.0,0,30.0,Low Potential
977,Louis Spencer,AI Researcher,B.Sc,Hire,Hire,23.75,19.0,0,30.0,Low Potential
193,Keith Ayers,AI Researcher,MBA,Hire,Hire,23.75,19.0,0,30.0,Low Potential
215,Nicholas Brown,AI Researcher,B.Tech,Reject,Hire,23.75,19.0,0,30.0,Low Potential
8,Anthony Harrison,AI Researcher,M.Tech,Hire,Hire,23.75,19.0,0,30.0,Low Potential
229,Scott Young,AI Researcher,PhD,Hire,Hire,23.75,19.0,0,30.0,Low Potential
405,Kyle Contreras,Cybersecurity Analyst,MBA,Hire,Hire,23.75,19.0,0,30.0,Low Potential
409,Timothy Fitzgerald,Cybersecurity Analyst,MBA,Hire,Hire,23.75,19.0,0,30.0,Low Potential
277,Dr. Antonio Martinez,Data Scientist,MBA,Reject,Hire,23.75,19.0,0,30.0,Low Potential
275,Jon Hall,Cybersecurity Analyst,M.Tech,Hire,Hire,23.75,19.0,0,30.0,Low Potential
284,Sonia Mendoza,AI Researcher,B.Sc,Reject,Hire,23.75,19.0,0,30.0,Low Potential
179,Andrea Clark,AI Researcher,MBA,Hire,Hire,23.75,19.0,0,30.0,Low Potential
737,Matthew Reed,Cybersecurity Analyst,M.Tech,Reject,Hire,23.75,19.0,0,30.0,Low Potential
630,Craig Lewis,AI Researcher,B.Sc,Hire,Hire,23.75,19.0,0,30.0,Low Potential
667,William Gregory,Software Engineer,B.Sc,Reject,Hire,23.75,19.0,0,30.0,Low Potential
167,Joel Hansen,AI Researcher,M.Tech,Hire,Hire,23.75,19.0,0,30.0,Low Potential
684,Christine Trevino,Software Engineer,PhD,Hire,Hire,23.75,19.0,0,30.0,Low Potential
696,Marcus Garrett,Cybersecurity Analyst,MBA,Hire,Hire,23.75,19.0,0,30.0,Low Potential
682,Sandra Costa,AI Researcher,PhD,Hire,Hire,23.75,19.0,0,30.0,Low Potential
649,Emily Young,Data Scientist,B.Tech,Reject,Hire,23.75,19.0,0,30.0,Low Potential
853,Timothy Smith,Cybersecurity Analyst,MBA,Hire,Hire,23.75,19.0,0,30.0,Low Potential
669,Sarah Jones,AI Researcher,PhD,Hire,Hire,23.75,19.0,0,30.0,Low Potential
830,Deborah Hughes,Cybersecurity Analyst,MBA,Hire,Hire,23.75,19.0,0,30.0,Low Potential
945,Kristin Hernandez,Cybersecurity Analyst,B.Sc,Reject,Hire,23.75,19.0,0,30.0,Low Potential
722,Albert Rivera,Cybersecurity Analyst,PhD,Hire,Hire,23.75,19.0,0,30.0,Low Potential
992,Jacob Davis,Cybersecurity Analyst,PhD,Hire,Hire,23.75,19.0,0,30.0,Low Potential
598,Jessica Stewart,Data Scientist,M.Tech,Hire,Hire,23.75,19.0,0,30.0,Low Potential
644,Shannon Nguyen,Cybersecurity Analyst,B.Sc,Reject,Hire,23.75,19.0,0,30.0,Low Potential
641,Melanie Jones,Cybersecurity Analyst,PhD,Hire,Hire,23.75,19.0,0,30.0,Low Potential
731,Sarah Jones,Cybersecurity Analyst,M.Tech,Reject,Hire,23.75,19.0,0,30.0,Low Potential
151,Karen Peters,Cybersecurity Analyst,B.Tech,Hire,Hire,23.75,19.0,0,30.0,Low Potential
616,Steven Crawford,Cybersecurity Analyst,M.Tech,Hire,Hire,23.75,19.0,0,30.0,Low Potential
789,Christina Sanchez,AI Researcher,B.Tech,Hire,Hire,23.75,19.0,0,30.0,Low Potential
638,Austin Johnson,AI Researcher,B.Sc,Hire,Hire,23.75,19.0,0,30.0,Low Potential
646,Susan Cobb,AI Researcher,M.Tech,Hire,Hire,23.75,19.0,0,30.0,Low Potential
877,James Pruitt,Data Scientist,PhD,Hire,Hire,23.75,19.0,0,30.0,Low Potential
915,John Holland,Cybersecurity Analyst,MBA,Hire,Hire,23.75,19.0,0,30.0,Low Potential
910,Colin Morris,Cybersecurity Analyst,MBA,Hire,Hire,23.75,19.0,0,30.0,Low Potential
382,Diana Lewis,AI Researcher,M.Tech,Hire,Hire,23.75,19.0,0,30.0,Low Potential
128,Gary Hanson,AI Researcher,MBA,Reject,Hire,23.75,19.0,0,30.0,Low Potential
140,Jamie Robertson,Cybersecurity Analyst,MBA,Hire,Hire,23.75,19.0,0,30.0,Low Potential
130,Shannon Alvarez,AI Researcher,B.Sc,Reject,Hire,23.75,19.0,0,30.0,Low Potential
568,Hunter Dalton,Software Engineer,M.Tech,Hire,Hire,23.75,19.0,0,30.0,Low Potential
344,Stephanie Mosley,Cybersecurity Analyst,MBA,Hire,Hire,23.75,19.0,0,30.0,Low Potential
590,Brenda Stein,Cybersecurity Analyst,M.Tech,Reject,Hire,23.75,19.0,0,30.0,Low Potential
588,Samantha Jackson,Cybersecurity Analyst,B.Tech,Hire,Hire,23.75,19.0,0,30.0,Low Potential
326,William Bryant,Data Scientist,MBA,Hire,Hire,23.75,19.0,0,30.0,Low Potential
550,Adrian Marshall,AI Researcher,PhD,Hire,Hire,23.75,19.0,0,30.0,Low Potential
549,Heather Lewis,Cybersecurity Analyst,M.Tech,Hire,Hire,23.75,19.0,0,30.0,Low Potential
375,Thomas Lee,Cybersecurity Analyst,B.Sc,Hire,Hire,23.75,19.0,0,30.0,Low Potential
27,Christopher Ayers,Cybersecurity Analyst,B.Sc,Reject,Hire,23.75,19.0,0,30.0,Low Potential
18,Frances Davis MD,Cybersecurity Analyst,B.Tech,Hire,Hire,23.75,19.0,0,30.0,Low Potential
468,Margaret Turner,Cybersecurity Analyst,PhD,Hire,Hire,23.75,19.0,0,30.0,Low Potential
988,Anna Perez,AI Researcher,M.Tech,Hire,Hire,20.0,20.0,0,20.0,Low Potential
776,Sara Ward,AI Researcher,PhD,Hire,Hire,20.0,20.0,0,20.0,Low Potential
709,Ryan Silva,AI Researcher,B.Sc,Hire,Hire,20.0,20.0,0,20.0,Low Potential
697,Jessica Griffin,Data Scientist,M.Tech,Reject,Hire,20.0,20.0,0,20.0,Low Potential
732,Eugene Rodriguez,Cybersecurity Analyst,B.Sc,Reject,Hire,20.0,20.0,0,20.0,Low Potential
729,Nicholas Phillips,AI Researcher,B.Tech,Reject,Hire,20.0,20.0,0,20.0,Low Potential
749,Jessica Porter,AI Researcher,PhD,Reject,Hire,20.0,20.0,0,20.0,Low Potential
748,Ryan Arnold,AI Researcher,B.Sc,Hire,Hire,20.0,20.0,0,20.0,Low Potential
623,Steven Compton,Cybersecurity Analyst,B.Sc,Hire,Hire,20.0,20.0,0,20.0,Low Potential
617,Brett Bird,AI Researcher,B.Sc,Hire,Hire,20.0,20.0,0,20.0,Low Potential
660,Robin Erickson,AI Researcher,B.Tech,Reject,Hire,20.0,20.0,0,20.0,Low Potential
844,Daniel Carter,Cybersecurity Analyst,MBA,Hire,Hire,20.0,20.0,0,20.0,Low Potential
662,Monica Williams,Cybersecurity Analyst,PhD,Hire,Hire,20.0,20.0,0,20.0,Low Potential
681,Jessica Bradford,Cybersecurity Analyst,PhD,Hire,Hire,20.0,20.0,0,20.0,Low Potential
686,Nicholas White,AI Researcher,MBA,Hire,Hire,20.0,20.0,0,20.0,Low Potential
695,Emily Meyer,Cybersecurity Analyst,MBA,Hire,Hire,20.0,20.0,0,20.0,Low Potential
521,Kimberly Carpenter,AI Researcher,PhD,Reject,Hire,20.0,20.0,0,20.0,Low Potential
535,Alexandra Gilbert,Cybersecurity Analyst,B.Sc,Reject,Hire,20.0,20.0,0,20.0,Low Potential
317,Richard Padilla,Cybersecurity Analyst,B.Sc,Reject,Hire,20.0,20.0,0,20.0,Low Potential
303,Amber Dalton,AI Researcher,PhD,Hire,Hire,20.0,20.0,0,20.0,Low Potential
291,Olivia Montgomery,AI Researcher,PhD,Hire,Hire,20.0,20.0,0,20.0,Low Potential
286,Joanna Little,Cybersecurity Analyst,PhD,Hire,Hire,20.0,20.0,0,20.0,Low Potential
292,Amanda Watson,Cybersecurity Analyst,B.Sc,Reject,Hire,20.0,20.0,0,20.0,Low Potential
337,Carlos Park,AI Researcher,MBA,Hire,Hire,20.0,20.0,0,20.0,Low Potential
367,Christina Perez,Cybersecurity Analyst,B.Sc,Reject,Hire,20.0,20.0,0,20.0,Low Potential
361,James Cline,Cybersecurity Analyst,M.Tech,Reject,Hire,20.0,20.0,0,20.0,Low Potential
901,Benjamin Gray,Cybersecurity Analyst,MBA,Reject,Hire,20.0,20.0,0,20.0,Low Potential
350,Shannon Young,Cybersecurity Analyst,M.Tech,Hire,Hire,20.0,20.0,0,20.0,Low Potential
900,Barry Mitchell,Cybersecurity Analyst,PhD,Hire,Hire,20.0,20.0,0,20.0,Low Potential
432,Kent Ward,Cybersecurity Analyst,B.Tech,Hire,Hire,20.0,20.0,0,20.0,Low Potential
422,Stephen Mason,Data Scientist,B.Tech,Hire,Hire,20.0,20.0,0,20.0,Low Potential
482,Douglas Sampson,Cybersecurity Analyst,B.Tech,Hire,Hire,20.0,20.0,0,20.0,Low Potential
334,William Walker,Cybersecurity Analyst,B.Sc,Reject,Hire,20.0,20.0,0,20.0,Low Potential
318,Heather Savage,Data Scientist,B.Tech,Hire,Hire,20.0,20.0,0,20.0,Low Potential
931,Mark Sanford,Data Scientist,B.Sc,Reject,Hire,20.0,20.0,0,20.0,Low Potential
227,Jacob Long,Data Scientist,B.Tech,Hire,Hire,20.0,20.0,0,20.0,Low Potential
245,Michael Phelps,AI Researcher,B.Sc,Hire,Hire,20.0,20.0,0,20.0,Low Potential
273,Cassandra Ford,Cybersecurity Analyst,PhD,Reject,Hire,20.0,20.0,0,20.0,Low Potential
230,Christopher Dominguez,Cybersecurity Analyst,M.Tech,Hire,Hire,20.0,20.0,0,20.0,Low Potential
297,Robert Cook,Cybersecurity Analyst,B.Sc,Reject,Hire,20.0,20.0,0,20.0,Low Potential
250,James Gibson,Software Engineer,MBA,Hire,Hire,20.0,20.0,0,20.0,Low Potential
160,Margaret Holmes,Cybersecurity Analyst,MBA,Reject,Hire,20.0,20.0,0,20.0,Low Potential
158,Renee Odonnell DDS,AI Researcher,PhD,Reject,Hire,20.0,20.0,0,20.0,Low Potential
115,Meagan King,Software Engineer,MBA,Reject,Hire,20.0,20.0,0,20.0,Low Potential
108,Michael Lewis,Data Scientist,B.Tech,Reject,Hire,20.0,20.0,0,20.0,Low Potential
942,Mr. Matthew Brewer,AI Researcher,MBA,Reject,Hire,20.0,20.0,0,20.0,Low Potential
208,Shawn Carson,Software Engineer,B.Sc,Hire,Hire,20.0,20.0,0,20.0,Low Potential
210,Thomas Thompson,AI Researcher,M.Tech,Hire,Hire,20.0,20.0,0,20.0,Low Potential
168,Katherine Cabrera,Cybersecurity Analyst,B.Sc,Hire,Hire,20.0,20.0,0,20.0,Low Potential
59,Ruth Oconnell,AI Researcher,B.Sc,Reject,Hire,20.0,20.0,0,20.0,Low Potential
965,Jason Jackson,Cybersecurity Analyst,PhD,Hire,Hire,20.0,20.0,0,20.0,Low Potential
103,Jonathan Hernandez,Cybersecurity Analyst,MBA,Reject,Hire,20.0,20.0,0,20.0,Low Potential
560,Thomas Hawkins,Cybersecurity Analyst,PhD,Reject,Reject,16.25,21.0,0,10.0,Low Potential
574,Billy Baker,AI Researcher,B.Sc,Hire,Reject,16.25,21.0,0,10.0,Low Potential
831,Courtney Ware,AI Researcher,MBA,Hire,Reject,16.25,21.0,0,10.0,Low Potential
735,Preston Martin,Cybersecurity Analyst,PhD,Hire,Reject,16.25,21.0,0,10.0,Low Potential
513,Monica Allison,Cybersecurity Analyst,B.Tech,Hire,Reject,16.25,21.0,0,10.0,Low Potential
349,Ashley Gardner,Data Scientist,MBA,Reject,Reject,16.25,21.0,0,10.0,Low Potential
852,Amanda Shepherd,AI Researcher,B.Sc,Reject,Reject,16.25,21.0,0,10.0,Low Potential
642,Kevin English,Cybersecurity Analyst,PhD,Hire,Reject,16.25,21.0,0,10.0,Low Potential
462,Daniel Ruiz,Cybersecurity Analyst,M.Tech,Hire,Reject,16.25,21.0,0,10.0,Low Potential
387,Xavier Wheeler,AI Researcher,B.Tech,Reject,Reject,16.25,21.0,0,10.0,Low Potential
376,Jennifer Love,Cybersecurity Analyst,M.Tech,Reject,Reject,16.25,21.0,0,10.0,Low Potential
888,Debra Williams,Cybersecurity Analyst,B.Sc,Reject,Reject,16.25,21.0,0,10.0,Low Potential
231,Thomas Curtis,AI Researcher,MBA,Reject,Reject,16.25,21.0,0,10.0,Low Potential
930,David Levy,AI Researcher,M.Tech,Reject,Reject,16.25,21.0,0,10.0,Low Potential
237,Nancy Brown,Cybersecurity Analyst,B.Tech,Hire,Reject,16.25,21.0,0,10.0,Low Potential
265,Kim Brown,AI Researcher,MBA,Reject,Reject,16.25,21.0,0,10.0,Low Potential
262,Eduardo Wilson,Cybersecurity Analyst,PhD,Hire,Reject,16.25,21.0,0,10.0,Low Potential
351,George Hansen,Cybersecurity Analyst,M.Tech,Reject,Reject,16.25,21.0,0,10.0,Low Potential
316,Joseph Rojas,Cybersecurity Analyst,MBA,Hire,Reject,16.25,21.0,0,10.0,Low Potential
300,Robin Mcgrath,AI Researcher,M.Tech,Hire,Reject,16.25,21.0,0,10.0,Low Potential
364,Paula Harrison,AI Researcher,B.Sc,Reject,Reject,16.25,21.0,0,10.0,Low Potential
399,Danielle Davis,Data Scientist,MBA,Reject,Reject,16.25,21.0,0,10.0,Low Potential
414,Jonathan Lewis,AI Researcher,MBA,Hire,Reject,16.25,21.0,0,10.0,Low Potential
420,Joseph Richards,Cybersecurity Analyst,B.Tech,Hire,Reject,16.25,21.0,0,10.0,Low Potential
398,Allison Hoffman,Cybersecurity Analyst,PhD,Hire,Reject,16.25,21.0,0,10.0,Low Potential
96,Stephen Watkins,AI Researcher,B.Sc,Reject,Reject,16.25,21.0,0,10.0,Low Potential
131,Jonathan Howard,AI Researcher,B.Sc,Reject,Reject,16.25,21.0,0,10.0,Low Potential
79,Brooke Charles,AI Researcher,MBA,Reject,Reject,16.25,21.0,0,10.0,Low Potential
222,Mark Skinner,AI Researcher,M.Tech,Reject,Reject,16.25,21.0,0,10.0,Low Potential
204,Tiffany Koch,AI Researcher,PhD,Hire,Reject,16.25,21.0,0,10.0,Low Potential
209,Derrick Mendoza,Cybersecurity Analyst,M.Tech,Hire,Reject,16.25,21.0,0,10.0,Low Potential
219,John James,Cybersecurity Analyst,B.Sc,Hire,Reject,16.25,21.0,0,10.0,Low Potential
200,Ann Silva,AI Researcher,B.Sc,Reject,Reject,16.25,21.0,0,10.0,Low Potential
547,Christy Ramirez,AI Researcher,MBA,Reject,Reject,16.25,21.0,0,10.0,Low Potential
586,Bridget Williams,AI Researcher,M.Tech,Reject,Reject,16.25,21.0,0,10.0,Low Potential
633,Thomas Hutchinson,Cybersecurity Analyst,B.Sc,Hire,Reject,16.25,21.0,0,10.0,Low Potential
714,Marie Stevens,AI Researcher,MBA,Reject,Reject,16.25,21.0,0,10.0,Low Potential
766,Nicholas Stevens,AI Researcher,MBA,Hire,Reject,16.25,21.0,0,10.0,Low Potential
984,Lisa Williamson,AI Researcher,M.Tech,Hire,Reject,16.25,21.0,0,10.0,Low Potential
994,Tina Booth,Cybersecurity Analyst,MBA,Reject,Reject,16.25,21.0,0,10.0,Low Potential
42,Frances Salazar,Cybersecurity Analyst,M.Tech,Hire,Reject,16.25,21.0,0,10.0,Low Potential
975,Vanessa Hampton,AI Researcher,B.Tech,Reject,Reject,16.25,21.0,0,10.0,Low Potential
32,Logan Mcclure,Cybersecurity Analyst,B.Sc,Hire,Reject,16.25,21.0,0,10.0,Low Potential
3,Corey Sanchez,Cybersecurity Analyst,MBA,Hire,Reject,16.25,21.0,0,10.0,Low Potential
226,Sean Livingston,Cybersecurity Analyst,B.Tech,Reject,Reject,16.25,21.0,0,10.0,Low Potential
66,Cynthia Simmons,Software Engineer,PhD,Reject,Reject,16.25,21.0,0,10.0,Low Potential
58,April Flores,Cybersecurity Analyst,B.Sc,Reject,Reject,16.25,21.0,0,10.0,Low Potential
56,Danielle Drake,Cybersecurity Analyst,B.Sc,Reject,Reject,16.25,21.0,0,10.0,Low Potential
44,Denise Ramirez,Data Scientist,MBA,Hire,Reject,16.25,21.0,0,10.0,Low Potential
28,Shaun Gomez,AI Researcher,M.Tech,Reject,Reject,16.25,21.0,0,10.0,Low Potential
101,Sheryl Freeman,Cybersecurity Analyst,M.Tech,Reject,Reject,16.25,21.0,0,10.0,Low Potential
82,Melissa Clark,Software Engineer,PhD,Hire,Reject,16.25,21.0,0,10.0,Low Potential
164,Steven Johnson,AI Researcher,M.Tech,Reject,Reject,16.25,21.0,0,10.0,Low Potential
192,Lori Porter,Cybersecurity Analyst,PhD,Reject,Reject,16.25,21.0,0,10.0,Low Potential
940,Amy Lawson,Cybersecurity Analyst,PhD,Hire,Reject,16.25,21.0,0,10.0,Low Potential
947,Theresa Hansen,Cybersecurity Analyst,B.Sc,Hire,Reject,16.25,21.0,0,10.0,Low Potential
177,Eric Mendez,Software Engineer,MBA,Reject,Reject,16.25,21.0,0,10.0,Low Potential
821,Erin Kemp,Cybersecurity Analyst,B.Sc,Reject,Reject,16.25,21.0,0,10.0,Low Potential
798,Matthew Sandoval,Cybersecurity Analyst,M.Tech,Hire,Reject,16.25,21.0,0,10.0,Low Potential
16,Courtney Cook,Cybersecurity Analyst,PhD,Reject,Reject,16.25,21.0,0,10.0,Low Potential
818,Cindy Armstrong,AI Researcher,PhD,Reject,Reject,16.25,21.0,0,10.0,Low Potential
12,Ralph Barrera,Cybersecurity Analyst,MBA,Reject,Reject,12.5,22.0,0,0.0,Low Potential
10,Courtney Gibson,AI Researcher,M.Tech,Reject,Reject,12.5,22.0,0,0.0,Low Potential
822,Ronald Tucker,Cybersecurity Analyst,B.Tech,Reject,Reject,12.5,22.0,0,0.0,Low Potential
13,David Diaz,Cybersecurity Analyst,M.Tech,Hire,Reject,12.5,22.0,0,0.0,Low Potential
997,Colleen Hicks,Data Scientist,MBA,Reject,Reject,12.5,22.0,0,0.0,Low Potential
998,Michelle Molina,AI Researcher,B.Tech,Hire,Reject,12.5,22.0,0,0.0,Low Potential
15,Tammy Pineda,AI Researcher,M.Tech,Reject,Reject,12.5,22.0,0,0.0,Low Potential
774,Steve Olson,AI Researcher,MBA,Reject,Reject,12.5,22.0,0,0.0,Low Potential
754,Kevin Carlson,Data Scientist,B.Tech,Reject,Reject,12.5,22.0,0,0.0,Low Potential
746,Megan Peterson,Software Engineer,PhD,Reject,Reject,12.5,22.0,0,0.0,Low Potential
758,Randy Williams,AI Researcher,B.Tech,Reject,Reject,12.5,22.0,0,0.0,Low Potential
996,Brenda Williams,Cybersecurity Analyst,B.Sc,Reject,Reject,12.5,22.0,0,0.0,Low Potential
674,Zachary Simpson,Cybersecurity Analyst,B.Tech,Reject,Reject,12.5,22.0,0,0.0,Low Potential
676,Danielle Lewis,Cybersecurity Analyst,B.Tech,Hire,Reject,12.5,22.0,0,0.0,Low Potential
683,Thomas Sanders,Cybersecurity Analyst,MBA,Reject,Reject,12.5,22.0,0,0.0,Low Potential
244,Rodney Diaz,Cybersecurity Analyst,B.Tech,Reject,Reject,12.5,22.0,0,0.0,Low Potential
235,Robert Guerrero,Cybersecurity Analyst,MBA,Reject,Reject,12.5,22.0,0,0.0,Low Potential
267,Gregory Rogers,Cybersecurity Analyst,M.Tech,Reject,Reject,12.5,22.0,0,0.0,Low Potential
264,Jessica Burnett,AI Researcher,M.Tech,Reject,Reject,12.5,22.0,0,0.0,Low Potential
272,Laura Garcia,Cybersecurity Analyst,B.Sc,Reject,Reject,12.5,22.0,0,0.0,Low Potential
917,Amy Carter,AI Researcher,M.Tech,Reject,Reject,12.5,22.0,0,0.0,Low Potential
283,Mrs. Ashley Stanley,AI Researcher,M.Tech,Hire,Reject,12.5,22.0,0,0.0,Low Potential
280,Kristen Santana,Data Scientist,PhD,Reject,Reject,12.5,22.0,0,0.0,Low Potential
908,Joshua Jensen DDS,Data Scientist,B.Tech,Reject,Reject,12.5,22.0,0,0.0,Low Potential
330,Bryan Clayton,Cybersecurity Analyst,PhD,Reject,Reject,12.5,22.0,0,0.0,Low Potential
311,Richard Kelly,Cybersecurity Analyst,B.Tech,Reject,Reject,12.5,22.0,0,0.0,Low Potential
360,Nicole Randolph,Cybersecurity Analyst,B.Tech,Reject,Reject,12.5,22.0,0,0.0,Low Potential
354,Anthony Wheeler,Data Scientist,B.Tech,Reject,Reject,12.5,22.0,0,0.0,Low Potential
357,Mrs. Debbie Jackson,AI Researcher,PhD,Hire,Reject,12.5,22.0,0,0.0,Low Potential
347,Jessica Ruiz,Cybersecurity Analyst,MBA,Hire,Reject,12.5,22.0,0,0.0,Low Potential
341,Austin Saunders,Software Engineer,B.Sc,Reject,Reject,12.5,22.0,0,0.0,Low Potential
378,Jacob White,Data Scientist,B.Sc,Hire,Reject,12.5,22.0,0,0.0,Low Potential
878,Margaret Martin,AI Researcher,M.Tech,Reject,Reject,12.5,22.0,0,0.0,Low Potential
404,Gregg Barber,Data Scientist,M.Tech,Reject,Reject,12.5,22.0,0,0.0,Low Potential
456,Joshua Bennett,AI Researcher,M.Tech,Hire,Reject,12.5,22.0,0,0.0,Low Potential
464,Travis Thompson,Software Engineer,M.Tech,Reject,Reject,12.5,22.0,0,0.0,Low Potential
473,Carolyn Willis,AI Researcher,MBA,Reject,Reject,12.5,22.0,0,0.0,Low Potential
437,David Collins,Software Engineer,PhD,Reject,Reject,12.5,22.0,0,0.0,Low Potential
671,Tammy Chen,AI Researcher,B.Sc,Reject,Reject,12.5,22.0,0,0.0,Low Potential
628,Kathy Meyer,AI Researcher,M.Tech,Reject,Reject,12.5,22.0,0,0.0,Low Potential
559,Zachary Parker,Cybersecurity Analyst,MBA,Hire,Reject,12.5,22.0,0,0.0,Low Potential
602,John Chaney,AI Researcher,B.Sc,Reject,Reject,12.5,22.0,0,0.0,Low Potential
563,Dr. Thomas Hernandez,AI Researcher,MBA,Reject,Reject,12.5,22.0,0,0.0,Low Potential
528,Cheryl Morton,Cybersecurity Analyst,B.Tech,Hire,Reject,12.5,22.0,0,0.0,Low Potential
514,David Cruz,Cybersecurity Analyst,M.Tech,Reject,Reject,12.5,22.0,0,0.0,Low Potential
506,Robert Aguilar,Cybersecurity Analyst,PhD,Reject,Reject,12.5,22.0,0,0.0,Low Potential
491,Sheri Dickerson,AI Researcher,PhD,Hire,Reject,12.5,22.0,0,0.0,Low Potential
713,Jeffrey Olson,AI Researcher,MBA,Reject,Reject,12.5,22.0,0,0.0,Low Potential
767,Angelica Copeland,Cybersecurity Analyst,MBA,Reject,Reject,12.5,22.0,0,0.0,Low Potential
658,Edward Duncan,Cybersecurity Analyst,MBA,Reject,Reject,12.5,22.0,0,0.0,Low Potential
648,Brittany Lee,AI Researcher,PhD,Reject,Reject,12.5,22.0,0,0.0,Low Potential
187,Valerie Morrison,AI Researcher,B.Sc,Reject,Reject,12.5,22.0,0,0.0,Low Potential
188,Mary Wilson,AI Researcher,MBA,Reject,Reject,12.5,22.0,0,0.0,Low Potential
114,Paula Mills,AI Researcher,B.Sc,Reject,Reject,12.5,22.0,0,0.0,Low Potential
183,Caleb Tucker,AI Researcher,B.Sc,Reject,Reject,12.5,22.0,0,0.0,Low Potential
952,Joshua Hatfield,AI Researcher,MBA,Hire,Reject,12.5,22.0,0,0.0,Low Potential
94,Juan Jimenez,AI Researcher,B.Sc,Hire,Reject,12.5,22.0,0,0.0,Low Potential
61,Rebecca Wagner,AI Researcher,B.Tech,Hire,Reject,12.5,22.0,0,0.0,Low Potential
77,Timothy Kirby,Data Scientist,M.Tech,Reject,Reject,12.5,22.0,0,0.0,Low Potential
72,Curtis Townsend,Cybersecurity Analyst,MBA,Reject,Reject,12.5,22.0,0,0.0,Low Potential
969,Ashley Rice,AI Researcher,M.Tech,Hire,Reject,12.5,22.0,0,0.0,Low Potential
35,Sandra Juarez,Cybersecurity Analyst,M.Tech,Hire,Reject,12.5,22.0,0,0.0,Low Potential
25,Lori Johnson,AI Researcher,B.Tech,Hire,Reject,12.5,22.0,0,0.0,Low Potential
